"N","Time","avg(X)","avg(Y)","avg(Z)","avg(id)","avg(melt_CaO)","avg(melt_FeO)","avg(melt_MgO)","avg(melt_SiO2)","avg(melt_presence)","avg(peridotite)","avg(porosity)","avg(residue_CaO)","avg(residue_FeO)","avg(residue_MgO)","avg(residue_SiO2)","avg(vtkOriginalPointIds)","max(X)","max(Y)","max(Z)","max(id)","max(melt_CaO)","max(melt_FeO)","max(melt_MgO)","max(melt_SiO2)","max(melt_presence)","max(peridotite)","max(porosity)","max(residue_CaO)","max(residue_FeO)","max(residue_MgO)","max(residue_SiO2)","max(vtkOriginalPointIds)","med(X)","med(Y)","med(Z)","med(id)","med(melt_CaO)","med(melt_FeO)","med(melt_MgO)","med(melt_SiO2)","med(melt_presence)","med(peridotite)","med(porosity)","med(residue_CaO)","med(residue_FeO)","med(residue_MgO)","med(residue_SiO2)","med(vtkOriginalPointIds)","min(X)","min(Y)","min(Z)","min(id)","min(melt_CaO)","min(melt_FeO)","min(melt_MgO)","min(melt_SiO2)","min(melt_presence)","min(peridotite)","min(porosity)","min(residue_CaO)","min(residue_FeO)","min(residue_MgO)","min(residue_SiO2)","min(vtkOriginalPointIds)","q1(X)","q1(Y)","q1(Z)","q1(id)","q1(melt_CaO)","q1(melt_FeO)","q1(melt_MgO)","q1(melt_SiO2)","q1(melt_presence)","q1(peridotite)","q1(porosity)","q1(residue_CaO)","q1(residue_FeO)","q1(residue_MgO)","q1(residue_SiO2)","q1(vtkOriginalPointIds)","q3(X)","q3(Y)","q3(Z)","q3(id)","q3(melt_CaO)","q3(melt_FeO)","q3(melt_MgO)","q3(melt_SiO2)","q3(melt_presence)","q3(peridotite)","q3(porosity)","q3(residue_CaO)","q3(residue_FeO)","q3(residue_MgO)","q3(residue_SiO2)","q3(vtkOriginalPointIds)","std(X)","std(Y)","std(Z)","std(id)","std(melt_CaO)","std(melt_FeO)","std(melt_MgO)","std(melt_SiO2)","std(melt_presence)","std(peridotite)","std(porosity)","std(residue_CaO)","std(residue_FeO)","std(residue_MgO)","std(residue_SiO2)","std(vtkOriginalPointIds)","vtkValidPointMask"
11,0,500,0,0,5,0,0,0,0,1,0,0.20998,2.82,5.88,50.5,38.5,5,1000,0,0,10,0,0,0,0,1,0,0.20998,2.82,5.88,50.5,38.5,10,500,0,0,5,0,0,0,0,1,0,0.20998,2.82,5.88,50.5,38.5,5,0,0,0,0,0,0,0,0,1,0,0.20998,2.82,5.88,50.5,38.5,0,200,0,0,2,0,0,0,0,1,0,0.20998,2.82,5.88,50.5,38.5,2,750,0,0,7.5,0,0,0,0,1,0,0.20998,2.82,5.88,50.5,38.5,7,331.66,0,0,3.3166,0,0,0,0,0,0,0,0,0,0,0,3.3166,1
9,1057.5,500,1130.6,0,5,0.70168,1.1636,7.8623,7.1142,1,0.21753,0.37926,2.0949,4.6773,42.377,31.143,4,900,1130.6,0,9,0.70168,1.1636,7.8623,7.1142,1,0.21753,0.37926,2.0949,4.6773,42.377,31.143,8,500,1130.6,0,5,0.70168,1.1636,7.8623,7.1142,1,0.21753,0.37926,2.0949,4.6773,42.377,31.143,4,100,1130.6,0,1,0.70168,1.1636,7.8623,7.1142,1,0.21753,0.37926,2.0949,4.6773,42.377,31.143,0,250,1130.6,0,2.5,0.70168,1.1636,7.8623,7.1142,1,0.21753,0.37926,2.0949,4.6773,42.377,31.143,1,700,1130.6,0,7,0.70168,1.1636,7.8623,7.1142,1,0.21753,0.37926,2.0949,4.6773,42.377,31.143,6,273.86,5.3828e-05,0,2.7386,0,0,2.1027e-07,1.5895e-07,0,0,9.9341e-09,0,2.3842e-07,2.0105e-06,0,2.7386,1
9,2183,500,2418,0,5,0.73869,1.2209,8.258,7.4673,1,0.21649,0.3749,2.0574,4.619,41.99,30.781,4,900,2418,0,9,0.73869,1.2209,8.258,7.4673,1,0.21649,0.3749,2.0574,4.619,41.99,30.781,8,500,2418,0,5,0.73869,1.2209,8.258,7.4673,1,0.21649,0.3749,2.0574,4.619,41.99,30.781,4,100,2418,0,1,0.73869,1.2209,8.258,7.4673,1,0.21649,0.3749,2.0574,4.619,41.99,30.781,0,250,2418,0,2.5,0.73869,1.2209,8.258,7.4673,1,0.21649,0.3749,2.0574,4.619,41.99,30.781,1,700,2418,0,7,0.73869,1.2209,8.258,7.4673,1,0.21649,0.3749,2.0574,4.619,41.99,30.781,6,273.86,0.00054592,0,2.7386,0,0,0,1.5895e-07,0,0,1.5707e-08,0,0,0,1.0053e-06,2.7386,1
9,3121.8,500,3505.7,0,5,0.74057,1.2245,8.2772,7.4864,1,0.21908,0.37383,2.0611,4.6256,42.01,30.825,4,900,3505.7,0,9,0.74057,1.2245,8.2772,7.4864,1,0.21908,0.37383,2.0611,4.6256,42.01,30.825,8,500,3505.7,0,5,0.74057,1.2245,8.2772,7.4864,1,0.21908,0.37383,2.0611,4.6256,42.01,30.825,4,100,3505.7,0,1,0.74057,1.2245,8.2772,7.4864,1,0.21908,0.37383,2.0611,4.6256,42.01,30.825,0,250,3505.7,0,2.5,0.74057,1.2245,8.2772,7.4864,1,0.21908,0.37383,2.0611,4.6256,42.01,30.825,1,700,3505.7,0,7,0.74057,1.2245,8.2772,7.4864,1,0.21908,0.37383,2.0611,4.6256,42.01,30.825,6,273.86,0.0014101,0,2.7386,5.5311e-08,1.0324e-07,5.0263e-07,6.3578e-07,0,7.8536e-09,1.5707e-08,0,0,0,0,2.7386,1
9,4060.2,500,4599.9,0,5,0.74143,1.2241,8.2653,7.4852,1,0.22189,0.37293,2.0659,4.6368,42.096,30.897,4,900,4599.9,0,9,0.74143,1.2241,8.2653,7.4852,1,0.22189,0.37293,2.0659,4.6368,42.096,30.897,8,500,4599.9,0,5,0.74143,1.2241,8.2653,7.4852,1,0.22189,0.37293,2.0659,4.6368,42.096,30.897,4,100,4599.9,0,1,0.74143,1.2241,8.2653,7.4852,1,0.22189,0.37293,2.0659,4.6368,42.096,30.897,0,250,4599.9,0,2.5,0.74143,1.2241,8.2653,7.4852,1,0.22189,0.37293,2.0659,4.6368,42.096,30.897,1,700,4599.9,0,7,0.74143,1.2241,8.2653,7.4852,1,0.22189,0.37293,2.0659,4.6368,42.096,30.897,6,273.86,0.00076341,0,2.7386,0,3.9736e-08,0,0,0,0,1.5707e-08,0,0,0,0,2.7386,1
9,5185.6,500,5923.3,0,5,0.74321,1.2249,8.2437,7.4806,1,0.22518,0.37203,2.069,4.6447,42.193,30.957,4,900,5923.3,0,9,0.74321,1.2249,8.2437,7.4806,1,0.22518,0.37203,2.069,4.6447,42.193,30.957,8,500,5923.3,0,5,0.74321,1.2249,8.2437,7.4806,1,0.22518,0.37203,2.069,4.6447,42.193,30.957,4,100,5923.3,0,1,0.74321,1.2249,8.2437,7.4806,1,0.22518,0.37203,2.069,4.6447,42.193,30.957,0,250,5923.3,0,2.5,0.74321,1.2249,8.2437,7.4806,1,0.22518,0.37203,2.069,4.6447,42.193,30.957,1,700,5923.3,0,7,0.74321,1.2249,8.2437,7.4806,1,0.22518,0.37203,2.069,4.6447,42.193,30.957,6,273.86,0.00078901,0,2.7386,8.4294e-08,1.1921e-07,8.8497e-07,8.5963e-07,0,0,4.6595e-08,7.9473e-08,2.3842e-07,1.9073e-06,1.0053e-06,2.7386,1
9,6123,500,7035.1,0,5,0.74297,1.2266,8.2274,7.4725,1,0.22793,0.37144,2.0706,4.6461,42.235,30.984,4,900,7035.1,0,9,0.74297,1.2266,8.2274,7.4725,1,0.22793,0.37144,2.0706,4.6461,42.235,30.984,8,500,7035.1,0,5,0.74297,1.2266,8.2274,7.4725,1,0.22793,0.37144,2.0706,4.6461,42.235,30.984,4,100,7035.1,0,1,0.74297,1.2266,8.2274,7.4725,1,0.22793,0.37144,2.0706,4.6461,42.235,30.984,0,250,7035.1,0,2.5,0.74297,1.2266,8.2274,7.4725,1,0.22793,0.37144,2.0706,4.6461,42.235,30.984,1,700,7035.1,0,7,0.74297,1.2266,8.2274,7.4725,1,0.22793,0.37144,2.0706,4.6461,42.235,30.984,6,273.86,0.00070946,0,2.7386,5.9605e-08,1.1062e-07,5.0263e-07,6.7435e-07,0,6.5708e-09,2.4835e-08,1.1921e-07,0,0,9.5367e-07,2.7386,1
9,7059.9,500,8154.4,0,5,0.74614,1.2258,8.2026,7.4711,1,0.23069,0.37096,2.0693,4.6496,42.281,31.001,4,900,8154.4,0,9,0.74614,1.2258,8.2026,7.4711,1,0.23069,0.37096,2.0693,4.6496,42.281,31.001,8,500,8154.4,0,5,0.74614,1.2258,8.2026,7.4711,1,0.23069,0.37096,2.0693,4.6496,42.281,31.001,4,100,8154.4,0,1,0.74614,1.2258,8.2026,7.4711,1,0.23069,0.37096,2.0693,4.6496,42.281,31.001,0,250,8154.4,0,2.5,0.74614,1.2258,8.2026,7.4711,1,0.23069,0.37096,2.0693,4.6496,42.281,31.001,1,700,8154.4,0,7,0.74614,1.2258,8.2026,7.4711,1,0.23069,0.37096,2.0693,4.6496,42.281,31.001,6,273.86,0.00097995,0,2.7386,0,5.9605e-08,5.0263e-07,2.3842e-07,0,0,0,0,0,0,0,2.7386,1
9,8183.5,500,9507.1,0,5,0.74643,1.2276,8.1866,7.4653,1,0.23406,0.37051,2.07,4.6497,42.314,31.02,4,900,9507.1,0,9,0.74643,1.2276,8.1866,7.4653,1,0.23406,0.37051,2.07,4.6497,42.314,31.02,8,500,9507.1,0,5,0.74643,1.2276,8.1866,7.4653,1,0.23406,0.37051,2.07,4.6497,42.314,31.02,4,100,9507.1,0,1,0.74643,1.2276,8.1866,7.4653,1,0.23406,0.37051,2.07,4.6497,42.314,31.02,0,250,9507.1,0,2.5,0.74643,1.2276,8.1866,7.4653,1,0.23406,0.37051,2.07,4.6497,42.314,31.02,1,700,9507.1,0,7,0.74643,1.2276,8.1866,7.4653,1,0.23406,0.37051,2.07,4.6497,42.314,31.02,6,273.86,0.00094905,0,2.7386,0,5.9605e-08,0,2.5132e-07,0,0,0,1.2566e-07,1.5895e-07,0,1.0053e-06,2.7386,1
9,9119.2,500,10642,0,5,0.74777,1.2275,8.1724,7.4635,1,0.23689,0.37025,2.0689,4.6508,42.339,31.029,4,900,10642,0,9,0.74777,1.2275,8.1724,7.4635,1,0.23689,0.37025,2.0689,4.6508,42.339,31.029,8,500,10642,0,5,0.74777,1.2275,8.1724,7.4635,1,0.23689,0.37025,2.0689,4.6508,42.339,31.029,4,100,10642,0,1,0.74777,1.2275,8.1724,7.4635,1,0.23689,0.37025,2.0689,4.6508,42.339,31.029,0,250,10642,0,2.5,0.74777,1.2275,8.1724,7.4635,1,0.23689,0.37025,2.0689,4.6508,42.339,31.029,1,700,10642,0,7,0.74777,1.2275,8.1724,7.4635,1,0.23689,0.37025,2.0689,4.6508,42.339,31.029,6,273.86,0.0013021,0,2.7386,3.5818e-08,6.2829e-08,4.7684e-07,0,0,6.5708e-09,1.5707e-08,1.1921e-07,0,0,0,2.7386,1
9,10054,500,11785,0,5,0.75006,1.2283,8.1543,7.4636,1,0.23974,0.37009,2.0668,4.6504,42.357,31.031,4,900,11785,0,9,0.75006,1.2283,8.1543,7.4636,1,0.23974,0.37009,2.0668,4.6504,42.357,31.031,8,500,11785,0,5,0.75006,1.2283,8.1543,7.4636,1,0.23974,0.37009,2.0668,4.6504,42.357,31.031,4,100,11785,0,1,0.75006,1.2283,8.1543,7.4636,1,0.23974,0.37009,2.0668,4.6504,42.357,31.031,0,250,11785,0,2.5,0.75006,1.2283,8.1543,7.4636,1,0.23974,0.37009,2.0668,4.6504,42.357,31.031,1,700,11785,0,7,0.75006,1.2283,8.1543,7.4636,1,0.23974,0.37009,2.0668,4.6504,42.357,31.031,6,273.86,0.0018911,0,2.7386,5.1619e-08,6.2829e-08,5.0263e-07,4.4249e-07,0,0,1.5707e-08,1.2566e-07,0,2.0105e-06,0,2.7386,1
9,11176,500,13165,0,5,0.75065,1.2288,8.1442,7.461,1,0.24317,0.37004,2.0651,4.6486,42.361,31.025,4,900,13165,0,9,0.75065,1.2288,8.1442,7.461,1,0.24317,0.37004,2.0651,4.6486,42.361,31.025,8,500,13165,0,5,0.75065,1.2288,8.1442,7.461,1,0.24317,0.37004,2.0651,4.6486,42.361,31.025,4,100,13165,0,1,0.75065,1.2288,8.1442,7.461,1,0.24317,0.37004,2.0651,4.6486,42.361,31.025,0,250,13165,0,2.5,0.75065,1.2288,8.1442,7.461,1,0.24317,0.37004,2.0651,4.6486,42.361,31.025,1,700,13165,0,7,0.75065,1.2288,8.1442,7.461,1,0.24317,0.37004,2.0651,4.6486,42.361,31.025,6,273.86,0.0023417,0,2.7386,4.9671e-08,6.2829e-08,5.0263e-07,4.4249e-07,0,6.5708e-09,2.581e-08,0,0,0,9.5367e-07,2.7386,1
9,12110,500,14323,0,5,0.7553,1.2315,8.1193,7.4674,1,0.24604,0.37009,2.0597,4.6447,42.383,31.013,4,900,14323,0,9,0.7553,1.2315,8.1193,7.4674,1,0.24604,0.37009,2.0597,4.6447,42.383,31.013,8,500,14323,0,5,0.7553,1.2315,8.1193,7.4674,1,0.24604,0.37009,2.0597,4.6447,42.383,31.013,4,100,14323,0,1,0.7553,1.2315,8.1193,7.4674,1,0.24604,0.37009,2.0597,4.6447,42.383,31.013,0,250,14323,0,2.5,0.7553,1.2315,8.1193,7.4674,1,0.24604,0.37009,2.0597,4.6447,42.383,31.013,1,700,14323,0,7,0.7553,1.2315,8.1193,7.4674,1,0.24604,0.37009,2.0597,4.6447,42.383,31.013,6,273.86,0.002078,0,2.7386,4.9671e-08,6.2829e-08,0,3.9736e-07,0,0,1.5707e-08,1.1921e-07,2.5132e-07,0,0,2.7386,1
9,13044,500,15488,0,5,0.7555,1.2316,8.1194,7.4682,1,0.24892,0.37023,2.0586,4.6434,42.383,31.008,4,900,15488,0,9,0.75551,1.2316,8.1194,7.4682,1,0.24892,0.37023,2.0586,4.6434,42.383,31.008,8,500,15488,0,5,0.7555,1.2316,8.1194,7.4682,1,0.24892,0.37023,2.0586,4.6434,42.383,31.008,4,100,15488,0,1,0.7555,1.2316,8.1194,7.4682,1,0.24892,0.37023,2.0586,4.6434,42.383,31.008,0,250,15488,0,2.5,0.7555,1.2316,8.1194,7.4682,1,0.24892,0.37023,2.0586,4.6434,42.383,31.008,1,700,15488,0,7,0.75551,1.2316,8.1194,7.4682,1,0.24892,0.37023,2.0586,4.6434,42.383,31.008,6,273.86,0.0023417,0,2.7386,6.0427e-08,6.2829e-08,5.0263e-07,4.4249e-07,0,4.9671e-09,1.5707e-08,0,2.5132e-07,0,0,2.7386,1
9,14163,500,16894,0,5,0.75633,1.2348,8.1181,7.4723,1,0.25238,0.37052,2.0565,4.6399,42.384,30.999,4,900,16894,0,9,0.75633,1.2348,8.1181,7.4723,1,0.25238,0.37052,2.0565,4.6399,42.384,30.999,8,500,16894,0,5,0.75633,1.2348,8.1181,7.4723,1,0.25238,0.37052,2.0565,4.6399,42.384,30.999,4,100,16894,0,1,0.75633,1.2348,8.1181,7.4723,1,0.25238,0.37052,2.0565,4.6399,42.384,30.999,0,250,16894,0,2.5,0.75633,1.2348,8.1181,7.4723,1,0.25238,0.37052,2.0565,4.6399,42.384,30.999,1,700,16894,0,7,0.75633,1.2348,8.1181,7.4723,1,0.25238,0.37052,2.0565,4.6399,42.384,30.999,6,273.86,0.0024791,0,2.7386,3.1414e-08,6.2829e-08,5.0263e-07,3.9736e-07,0,0,1.5707e-08,0,0,0,0,2.7386,1
9,15095,500,18072,0,5,0.76143,1.2361,8.1028,7.4846,1,0.25527,0.37084,2.0521,4.6385,42.396,30.988,4,900,18072,0,9,0.76143,1.2361,8.1028,7.4846,1,0.25527,0.37084,2.0521,4.6385,42.396,30.988,8,500,18072,0,5,0.76143,1.2361,8.1028,7.4846,1,0.25527,0.37084,2.0521,4.6385,42.396,30.988,4,100,18072,0,1,0.76143,1.2361,8.1028,7.4846,1,0.25527,0.37084,2.0521,4.6385,42.396,30.988,0,250,18072,0,2.5,0.76143,1.2361,8.1028,7.4846,1,0.25527,0.37084,2.0521,4.6385,42.396,30.988,1,700,18072,0,7,0.76143,1.2361,8.1028,7.4846,1,0.25527,0.37084,2.0521,4.6385,42.396,30.988,6,273.86,0.0024791,0,2.7386,3.1414e-08,5.2566e-08,0,2.5132e-07,0,0,1.4901e-08,1.2566e-07,0,0,9.5367e-07,2.7386,1
9,16027,500,19257,0,5,0.76128,1.2404,8.1095,7.4894,1,0.25816,0.37125,2.0503,4.6326,42.392,30.976,4,900,19257,0,9,0.76128,1.2404,8.1095,7.4894,1,0.25816,0.37125,2.0503,4.6326,42.392,30.976,8,500,19257,0,5,0.76128,1.2404,8.1095,7.4894,1,0.25816,0.37125,2.0503,4.6326,42.392,30.976,4,100,19257,0,1,0.76128,1.2404,8.1095,7.4894,1,0.25816,0.37125,2.0503,4.6326,42.392,30.976,0,250,19257,0,2.5,0.76128,1.2404,8.1095,7.4894,1,0.25816,0.37125,2.0503,4.6326,42.392,30.976,1,700,19257,0,7,0.76128,1.2404,8.1095,7.4894,1,0.25816,0.37125,2.0503,4.6326,42.392,30.976,6,273.86,0.0016915,0,2.7386,2.9802e-08,0,0,2.3842e-07,0,0,1.5707e-08,0,0,0,0,2.7386,1
9,17144,500,20686,0,5,0.76923,1.2448,8.0871,7.5105,1,0.26163,0.37185,2.042,4.6283,42.413,30.953,4,900,20686,0,9,0.76923,1.2448,8.0871,7.5105,1,0.26163,0.37185,2.042,4.6283,42.413,30.953,8,500,20686,0,5,0.76923,1.2448,8.0871,7.5105,1,0.26163,0.37185,2.042,4.6283,42.413,30.953,4,100,20686,0,1,0.76923,1.2448,8.0871,7.5105,1,0.26163,0.37185,2.042,4.6283,42.413,30.953,0,250,20686,0,2.5,0.76923,1.2448,8.0871,7.5105,1,0.26163,0.37185,2.042,4.6283,42.413,30.953,1,700,20686,0,7,0.76923,1.2448,8.0871,7.5105,1,0.26163,0.37185,2.042,4.6283,42.413,30.953,6,273.86,0.0024791,0,2.7386,1.9868e-08,3.9736e-08,0,0,0,0,1.5707e-08,0,0,2.0105e-06,0,2.7386,1
9,18074,500,21883,0,5,0.7698,1.2462,8.099,7.5192,1,0.26451,0.37244,2.0397,4.6264,42.401,30.938,4,900,21883,0,9,0.7698,1.2462,8.099,7.5192,1,0.26451,0.37244,2.0397,4.6264,42.401,30.938,8,500,21883,0,5,0.7698,1.2462,8.099,7.5192,1,0.26451,0.37244,2.0397,4.6264,42.401,30.938,4,100,21883,0,1,0.7698,1.2462,8.099,7.5192,1,0.26451,0.37244,2.0397,4.6264,42.401,30.938,0,250,21883,0,2.5,0.7698,1.2462,8.099,7.5192,1,0.26451,0.37244,2.0397,4.6264,42.401,30.938,1,700,21883,0,7,0.7698,1.2462,8.099,7.5192,1,0.26451,0.37244,2.0397,4.6264,42.401,30.938,6,273.86,0.0023921,0,2.7386,4.2147e-08,6.2829e-08,5.0263e-07,5.2114e-07,0,0,2.6283e-08,1.1921e-07,2.3842e-07,0,0,2.7386,1
9,19004,500,23085,0,5,0.77143,1.2501,8.1068,7.5311,1,0.2674,0.37311,2.037,4.621,42.392,30.92,4,900,23085,0,9,0.77143,1.2501,8.1068,7.5311,1,0.2674,0.37311,2.037,4.621,42.392,30.92,8,500,23085,0,5,0.77143,1.2501,8.1068,7.5311,1,0.2674,0.37311,2.037,4.621,42.392,30.92,4,100,23085,0,1,0.77143,1.2501,8.1068,7.5311,1,0.2674,0.37311,2.037,4.621,42.392,30.92,0,250,23085,0,2.5,0.77143,1.2501,8.1068,7.5311,1,0.2674,0.37311,2.037,4.621,42.392,30.92,1,700,23085,0,7,0.77143,1.2501,8.1068,7.5311,1,0.2674,0.37311,2.037,4.621,42.392,30.92,6,273.86,0.0021837,0,2.7386,6.9539e-08,1.1062e-07,8.8497e-07,6.7435e-07,0,0,4.2147e-08,0,0,1.9073e-06,9.5367e-07,2.7386,1
9,20119,500,24534,0,5,0.77971,1.2559,8.0917,7.5576,1,0.27085,0.37402,2.028,4.6142,42.407,30.891,4,900,24534,0,9,0.77971,1.2559,8.0917,7.5576,1,0.27085,0.37402,2.028,4.6142,42.407,30.891,8,500,24534,0,5,0.77971,1.2559,8.0917,7.5576,1,0.27085,0.37402,2.028,4.6142,42.407,30.891,4,100,24534,0,1,0.77971,1.2559,8.0917,7.5576,1,0.27085,0.37402,2.028,4.6142,42.407,30.891,0,250,24534,0,2.5,0.77971,1.2559,8.0917,7.5576,1,0.27085,0.37402,2.028,4.6142,42.407,30.891,1,700,24534,0,7,0.77971,1.2559,8.0917,7.5576,1,0.27085,0.37402,2.028,4.6142,42.407,30.891,6,273.86,0.0024791,0,2.7386,8.6604e-08,1.5895e-07,9.5367e-07,8.5963e-07,0,0,5.041e-08,1.2566e-07,2.5132e-07,1.9073e-06,9.5367e-07,2.7386,1
9,21047,500,25746,0,5,0.78108,1.2601,8.1061,7.572,1,0.27372,0.37486,2.0255,4.6092,42.391,30.871,4,900,25746,0,9,0.78108,1.2601,8.1061,7.572,1,0.27372,0.37486,2.0255,4.6092,42.391,30.871,8,500,25746,0,5,0.78108,1.2601,8.1061,7.572,1,0.27372,0.37486,2.0255,4.6092,42.391,30.871,4,100,25746,0,1,0.78108,1.2601,8.1061,7.572,1,0.27372,0.37486,2.0255,4.6092,42.391,30.871,0,250,25746,0,2.5,0.78108,1.2601,8.1061,7.572,1,0.27372,0.37486,2.0255,4.6092,42.391,30.871,1,700,25746,0,7,0.78108,1.2601,8.1061,7.572,1,0.27372,0.37486,2.0255,4.6092,42.391,30.871,6,273.86,0.0021346,0,2.7386,8.6604e-08,1.6859e-07,1.0423e-06,9.2339e-07,0,1.5707e-08,4.6595e-08,1.2566e-07,0,2.0105e-06,9.5367e-07,2.7386,1
9,22160,500,27207,0,5,0.78372,1.2638,8.1236,7.5924,1,0.27716,0.37597,2.0211,4.6036,42.374,30.843,4,900,27207,0,9,0.78372,1.2638,8.1236,7.5924,1,0.27716,0.37597,2.0211,4.6036,42.374,30.843,8,500,27207,0,5,0.78372,1.2638,8.1236,7.5924,1,0.27716,0.37597,2.0211,4.6036,42.374,30.843,4,100,27207,0,1,0.78372,1.2638,8.1236,7.5924,1,0.27716,0.37597,2.0211,4.6036,42.374,30.843,0,250,27207,0,2.5,0.78372,1.2638,8.1236,7.5924,1,0.27716,0.37597,2.0211,4.6036,42.374,30.843,1,700,27207,0,7,0.78372,1.2638,8.1236,7.5924,1,0.27716,0.37597,2.0211,4.6036,42.374,30.843,6,273.86,0.0023474,0,2.7386,6.9539e-08,1.1062e-07,8.8497e-07,6.7435e-07,0,0,3.4769e-08,1.0513e-07,1.5895e-07,0,8.4106e-07,2.7386,1
9,23087,500,28429,0,5,0.79075,1.2698,8.1176,7.6189,1,0.28002,0.37698,2.0136,4.5968,42.377,30.813,4,900,28429,0,9,0.79075,1.2698,8.1176,7.6189,1,0.28002,0.37698,2.0136,4.5968,42.377,30.813,8,500,28429,0,5,0.79075,1.2698,8.1176,7.6189,1,0.28002,0.37698,2.0136,4.5968,42.377,30.813,4,100,28429,0,1,0.79075,1.2698,8.1176,7.6189,1,0.28002,0.37698,2.0136,4.5968,42.377,30.813,0,250,28429,0,2.5,0.79075,1.2698,8.1176,7.6189,1,0.28002,0.37698,2.0136,4.5968,42.377,30.813,1,700,28429,0,7,0.79075,1.2698,8.1176,7.6189,1,0.28002,0.37698,2.0136,4.5968,42.377,30.813,6,273.86,0.0022786,0,2.7386,5.5311e-08,9.9341e-08,6.7435e-07,6.7435e-07,0,0,2.9802e-08,1.1921e-07,2.3842e-07,0,1.0053e-06,2.7386,1
9,24013,500,29655,0,5,0.7963,1.2758,8.1202,7.644,1,0.28287,0.37807,2.0044,4.5896,42.384,30.778,4,900,29655,0,9,0.7963,1.2758,8.1202,7.644,1,0.28287,0.37807,2.0044,4.5896,42.384,30.778,8,500,29655,0,5,0.7963,1.2758,8.1202,7.644,1,0.28287,0.37807,2.0044,4.5896,42.384,30.778,4,100,29655,0,1,0.7963,1.2758,8.1202,7.644,1,0.28287,0.37807,2.0044,4.5896,42.384,30.778,0,250,29655,0,2.5,0.7963,1.2758,8.1202,7.644,1,0.28287,0.37807,2.0044,4.5896,42.384,30.778,1,700,29655,0,7,0.7963,1.2758,8.1202,7.644,1,0.28287,0.37807,2.0044,4.5896,42.384,30.778,6,273.86,0.0022078,0,2.7386,6.7376e-08,1.1921e-07,8.8497e-07,6.207e-07,0,0,2.7655e-08,1.2566e-07,2.5132e-07,0,9.5367e-07,2.7386,1
9,25124,500,31130,0,5,0.80114,1.2817,8.1354,7.6726,1,0.28629,0.37948,1.998,4.5824,42.365,30.742,4,900,31130,0,9,0.80114,1.2817,8.1354,7.6726,1,0.28629,0.37948,1.998,4.5824,42.365,30.742,8,500,31130,0,5,0.80114,1.2817,8.1354,7.6726,1,0.28629,0.37948,1.998,4.5824,42.365,30.742,4,100,31130,0,1,0.80114,1.2817,8.1354,7.6726,1,0.28629,0.37948,1.998,4.5824,42.365,30.742,0,250,31130,0,2.5,0.80114,1.2817,8.1354,7.6726,1,0.28629,0.37948,1.998,4.5824,42.365,30.742,1,700,31130,0,7,0.80114,1.2817,8.1354,7.6726,1,0.28629,0.37948,1.998,4.5824,42.365,30.742,6,273.86,0.0021837,0,2.7386,3.1414e-08,9.319e-08,8.2591e-07,4.7684e-07,0,0,2.7655e-08,0,0,2.0105e-06,0,2.7386,1
9,26050,500,32363,0,5,0.80355,1.2856,8.1588,7.6952,1,0.28913,0.38074,1.9945,4.5776,42.337,30.712,4,900,32363,0,9,0.80355,1.2856,8.1588,7.6952,1,0.28913,0.38074,1.9945,4.5776,42.337,30.712,8,500,32363,0,5,0.80355,1.2856,8.1588,7.6952,1,0.28913,0.38074,1.9945,4.5776,42.337,30.712,4,100,32363,0,1,0.80355,1.2856,8.1588,7.6952,1,0.28913,0.38074,1.9945,4.5776,42.337,30.712,0,250,32363,0,2.5,0.80355,1.2856,8.1588,7.6952,1,0.28913,0.38074,1.9945,4.5776,42.337,30.712,1,700,32363,0,7,0.80355,1.2856,8.1588,7.6952,1,0.28913,0.38074,1.9945,4.5776,42.337,30.712,6,273.86,0.0021346,0,2.7386,0,0,0,2.5132e-07,0,0,0,0,0,0,0,2.7386,1
9,27160,500,33846,0,5,0.80999,1.2952,8.1708,7.73,1,0.29252,0.38235,1.9875,4.566,42.321,30.671,4,900,33846,0,9,0.80999,1.2952,8.1708,7.73,1,0.29252,0.38235,1.9875,4.566,42.321,30.671,8,500,33846,0,5,0.80999,1.2952,8.1708,7.73,1,0.29252,0.38235,1.9875,4.566,42.321,30.671,4,100,33846,0,1,0.80999,1.2952,8.1708,7.73,1,0.29252,0.38235,1.9875,4.566,42.321,30.671,0,250,33846,0,2.5,0.80999,1.2952,8.1708,7.73,1,0.29252,0.38235,1.9875,4.566,42.321,30.671,1,700,33846,0,7,0.80999,1.2952,8.1708,7.73,1,0.29252,0.38235,1.9875,4.566,42.321,30.671,6,273.86,0.0027621,0,2.7386,0,0,4.7684e-07,0,0,0,0,0,0,0,1.0053e-06,2.7386,1
9,28085,500,35085,0,5,0.81583,1.3038,8.1811,7.7613,1,0.29535,0.38378,1.9806,4.5563,42.31,30.635,4,900,35085,0,9,0.81583,1.3038,8.1811,7.7613,1,0.29535,0.38378,1.9806,4.5563,42.31,30.635,8,500,35085,0,5,0.81583,1.3038,8.1811,7.7613,1,0.29535,0.38378,1.9806,4.5563,42.31,30.635,4,100,35085,0,1,0.81583,1.3038,8.1811,7.7613,1,0.29535,0.38378,1.9806,4.5563,42.31,30.635,0,250,35085,0,2.5,0.81583,1.3038,8.1811,7.7613,1,0.29535,0.38378,1.9806,4.5563,42.31,30.635,1,700,35085,0,7,0.81583,1.3038,8.1811,7.7613,1,0.29535,0.38378,1.9806,4.5563,42.31,30.635,6,273.86,0.0019531,0,2.7386,1.9868e-08,0,5.0263e-07,2.1027e-07,0,0,1.5707e-08,0,0,0,0,2.7386,1
9,29010,500,36326,0,5,0.81985,1.3088,8.2042,7.7902,1,0.29817,0.38527,1.9748,4.5513,42.283,30.598,4,900,36326,0,9,0.81985,1.3088,8.2042,7.7902,1,0.29817,0.38527,1.9748,4.5513,42.283,30.598,8,500,36326,0,5,0.81985,1.3088,8.2042,7.7902,1,0.29817,0.38527,1.9748,4.5513,42.283,30.598,4,100,36326,0,1,0.81985,1.3088,8.2042,7.7902,1,0.29817,0.38527,1.9748,4.5513,42.283,30.598,0,250,36326,0,2.5,0.81985,1.3088,8.2042,7.7902,1,0.29817,0.38527,1.9748,4.5513,42.283,30.598,1,700,36326,0,7,0.81985,1.3088,8.2042,7.7902,1,0.29817,0.38527,1.9748,4.5513,42.283,30.598,6,273.86,0.0028378,0,2.7386,0,0,0,0,0,0,0,0,0,2.0105e-06,0,2.7386,1
9,30119,500,37818,0,5,0.83123,1.3167,8.2059,7.8378,1,0.30154,0.38717,1.9626,4.5422,42.281,30.546,4,900,37818,0,9,0.83123,1.3167,8.2059,7.8378,1,0.30154,0.38717,1.9626,4.5422,42.281,30.546,8,500,37818,0,5,0.83123,1.3167,8.2059,7.8378,1,0.30154,0.38717,1.9626,4.5422,42.281,30.546,4,100,37818,0,1,0.83123,1.3167,8.2059,7.8378,1,0.30154,0.38717,1.9626,4.5422,42.281,30.546,0,250,37818,0,2.5,0.83123,1.3167,8.2059,7.8378,1,0.30154,0.38717,1.9626,4.5422,42.281,30.546,1,700,37818,0,7,0.83123,1.3167,8.2059,7.8378,1,0.30154,0.38717,1.9626,4.5422,42.281,30.546,6,273.86,0.0030537,0,2.7386,2.6283e-08,0,0,0,0,0,1.5707e-08,0,0,0,0,2.7386,1
9,31043,500,39063,0,5,0.83418,1.3228,8.2377,7.8676,1,0.30435,0.38882,1.9578,4.5346,42.246,30.507,4,900,39063,0,9,0.83418,1.3228,8.2377,7.8676,1,0.30435,0.38882,1.9578,4.5346,42.246,30.507,8,500,39063,0,5,0.83418,1.3228,8.2377,7.8676,1,0.30435,0.38882,1.9578,4.5346,42.246,30.507,4,100,39063,0,1,0.83418,1.3228,8.2377,7.8676,1,0.30435,0.38882,1.9578,4.5346,42.246,30.507,0,250,39063,0,2.5,0.83418,1.3228,8.2377,7.8676,1,0.30435,0.38882,1.9578,4.5346,42.246,30.507,1,700,39063,0,7,0.83418,1.3228,8.2377,7.8676,1,0.30435,0.38882,1.9578,4.5346,42.246,30.507,6,273.86,0.0019531,0,2.7386,2.6283e-08,0,0,0,0,0,9.9341e-09,0,0,0,0,2.7386,1
9,32152,500,40559,0,5,0.84043,1.3333,8.2645,7.9098,1,0.3077,0.39092,1.9495,4.5218,42.218,30.455,4,900,40559,0,9,0.84043,1.3333,8.2645,7.9098,1,0.3077,0.39092,1.9495,4.5218,42.218,30.455,8,500,40559,0,5,0.84043,1.3333,8.2645,7.9098,1,0.3077,0.39092,1.9495,4.5218,42.218,30.455,4,100,40559,0,1,0.84043,1.3333,8.2645,7.9098,1,0.3077,0.39092,1.9495,4.5218,42.218,30.455,0,250,40559,0,2.5,0.84043,1.3333,8.2645,7.9098,1,0.3077,0.39092,1.9495,4.5218,42.218,30.455,1,700,40559,0,7,0.84043,1.3333,8.2645,7.9098,1,0.3077,0.39092,1.9495,4.5218,42.218,30.455,6,273.86,0.0019531,0,2.7386,2.9802e-08,6.2829e-08,0,2.5132e-07,0,0,1.4901e-08,3.9736e-08,0,0,0,2.7386,1
9,33075,500,41807,0,5,0.85065,1.3433,8.2677,7.9546,1,0.3105,0.39274,1.939,4.5102,42.212,30.408,4,900,41807,0,9,0.85065,1.3433,8.2677,7.9546,1,0.3105,0.39274,1.939,4.5102,42.212,30.408,8,500,41807,0,5,0.85065,1.3433,8.2677,7.9546,1,0.3105,0.39274,1.939,4.5102,42.212,30.408,4,100,41807,0,1,0.85065,1.3433,8.2677,7.9546,1,0.3105,0.39274,1.939,4.5102,42.212,30.408,0,250,41807,0,2.5,0.85065,1.3433,8.2677,7.9546,1,0.3105,0.39274,1.939,4.5102,42.212,30.408,1,700,41807,0,7,0.85065,1.3433,8.2677,7.9546,1,0.3105,0.39274,1.939,4.5102,42.212,30.408,6,273.86,0.0032552,0,2.7386,4.9671e-08,6.2829e-08,0,2.3842e-07,0,1.3142e-08,1.9868e-08,6.2829e-08,2.1027e-07,0,9.5367e-07,2.7386,1
9,34183,500,43305,0,5,0.85671,1.3516,8.3036,7.9993,1,0.31384,0.39502,1.9307,4.5008,42.173,30.352,4,900,43305,0,9,0.85671,1.3516,8.3036,7.9993,1,0.31384,0.39502,1.9307,4.5008,42.173,30.352,8,500,43305,0,5,0.85671,1.3516,8.3036,7.9993,1,0.31384,0.39502,1.9307,4.5008,42.173,30.352,4,100,43305,0,1,0.85671,1.3516,8.3036,7.9993,1,0.31384,0.39502,1.9307,4.5008,42.173,30.352,0,250,43305,0,2.5,0.85671,1.3516,8.3036,7.9993,1,0.31384,0.39502,1.9307,4.5008,42.173,30.352,1,700,43305,0,7,0.85671,1.3516,8.3036,7.9993,1,0.31384,0.39502,1.9307,4.5008,42.173,30.352,6,273.86,0.0019531,0,2.7386,5.5311e-08,6.2829e-08,0,3.9736e-07,0,0,1.5707e-08,5.9605e-08,0,0,9.5367e-07,2.7386,1
9,35107,500,44555,0,5,0.86128,1.3584,8.338,8.0369,1,0.31662,0.397,1.924,4.4925,42.136,30.305,4,900,44555,0,9,0.86128,1.3584,8.338,8.0369,1,0.31662,0.397,1.924,4.4925,42.136,30.305,8,500,44555,0,5,0.86128,1.3584,8.338,8.0369,1,0.31662,0.397,1.924,4.4925,42.136,30.305,4,100,44555,0,1,0.86128,1.3584,8.338,8.0369,1,0.31662,0.397,1.924,4.4925,42.136,30.305,0,250,44555,0,2.5,0.86128,1.3584,8.338,8.0369,1,0.31662,0.397,1.924,4.4925,42.136,30.305,1,700,44555,0,7,0.86128,1.3584,8.338,8.0369,1,0.31662,0.397,1.924,4.4925,42.136,30.305,6,273.86,0.0017225,0,2.7386,2.6283e-08,6.2829e-08,0,0,0,0,1.5707e-08,6.2829e-08,0,0,0,2.7386,1
9,36030,500,45805,0,5,0.87195,1.3697,8.3454,8.0862,1,0.3194,0.39905,1.9126,4.4805,42.128,30.252,4,900,45805,0,9,0.87195,1.3697,8.3454,8.0862,1,0.3194,0.39905,1.9126,4.4805,42.128,30.252,8,500,45805,0,5,0.87195,1.3697,8.3454,8.0862,1,0.3194,0.39905,1.9126,4.4805,42.128,30.252,4,100,45805,0,1,0.87195,1.3697,8.3454,8.0862,1,0.3194,0.39905,1.9126,4.4805,42.128,30.252,0,250,45805,0,2.5,0.87195,1.3697,8.3454,8.0862,1,0.3194,0.39905,1.9126,4.4805,42.128,30.252,1,700,45805,0,7,0.87195,1.3697,8.3454,8.0862,1,0.3194,0.39905,1.9126,4.4805,42.128,30.252,6,273.86,0.0019531,0,2.7386,0,6.2829e-08,0,0,0,0,1.5707e-08,0,0,0,0,2.7386,1
9,37137,500,47305,0,5,0.87955,1.3792,8.3819,8.1376,1,0.32272,0.4016,1.9026,4.4696,42.088,30.189,4,900,47305,0,9,0.87955,1.3792,8.3819,8.1376,1,0.32272,0.4016,1.9026,4.4696,42.088,30.189,8,500,47305,0,5,0.87955,1.3792,8.3819,8.1376,1,0.32272,0.4016,1.9026,4.4696,42.088,30.189,4,100,47305,0,1,0.87955,1.3792,8.3819,8.1376,1,0.32272,0.4016,1.9026,4.4696,42.088,30.189,0,250,47305,0,2.5,0.87955,1.3792,8.3819,8.1376,1,0.32272,0.4016,1.9026,4.4696,42.088,30.189,1,700,47305,0,7,0.87955,1.3792,8.3819,8.1376,1,0.32272,0.4016,1.9026,4.4696,42.088,30.189,6,273.86,0.0017225,0,2.7386,5.1619e-08,5.9605e-08,4.7684e-07,5.0263e-07,0,0,2.7655e-08,6.2829e-08,0,0,9.5367e-07,2.7386,1
9,38060,500,48554,0,5,0.88474,1.3864,8.4207,8.1794,1,0.32548,0.4038,1.8955,4.4595,42.047,30.137,4,900,48554,0,9,0.88474,1.3864,8.4207,8.1794,1,0.32548,0.4038,1.8955,4.4595,42.047,30.137,8,500,48554,0,5,0.88474,1.3864,8.4207,8.1794,1,0.32548,0.4038,1.8955,4.4595,42.047,30.137,4,100,48554,0,1,0.88474,1.3864,8.4207,8.1794,1,0.32548,0.4038,1.8955,4.4595,42.047,30.137,0,250,48554,0,2.5,0.88474,1.3864,8.4207,8.1794,1,0.32548,0.4038,1.8955,4.4595,42.047,30.137,1,700,48554,0,7,0.88474,1.3864,8.4207,8.1794,1,0.32548,0.4038,1.8955,4.4595,42.047,30.137,6,273.86,0.0019531,0,2.7386,3.9736e-08,6.2829e-08,5.0263e-07,4.7684e-07,0,0,1.5707e-08,0,0,0,1.0053e-06,2.7386,1
9,39168,500,50054,0,5,0.89441,1.3986,8.4534,8.2365,1,0.3288,0.40654,1.8841,4.4452,42.011,30.071,4,900,50054,0,9,0.89441,1.3986,8.4534,8.2365,1,0.3288,0.40654,1.8841,4.4452,42.011,30.071,8,500,50054,0,5,0.89441,1.3986,8.4534,8.2365,1,0.3288,0.40654,1.8841,4.4452,42.011,30.071,4,100,50054,0,1,0.89441,1.3986,8.4534,8.2365,1,0.3288,0.40654,1.8841,4.4452,42.011,30.071,0,250,50054,0,2.5,0.89441,1.3986,8.4534,8.2365,1,0.3288,0.40654,1.8841,4.4452,42.011,30.071,1,700,50054,0,7,0.89441,1.3986,8.4534,8.2365,1,0.3288,0.40654,1.8841,4.4452,42.011,30.071,6,273.86,0.0019531,0,2.7386,2.6283e-08,0,0,0,0,1.3142e-08,0,0,0,0,0,2.7386,1
9,40090,500,51302,0,5,0.90415,1.4089,8.4729,8.2898,1,0.33155,0.40888,1.8727,4.4341,41.991,30.011,4,900,51302,0,9,0.90415,1.4089,8.4729,8.2898,1,0.33155,0.40888,1.8727,4.4341,41.991,30.011,8,500,51302,0,5,0.90415,1.4089,8.4729,8.2898,1,0.33155,0.40888,1.8727,4.4341,41.991,30.011,4,100,51302,0,1,0.90415,1.4089,8.4729,8.2898,1,0.33155,0.40888,1.8727,4.4341,41.991,30.011,0,250,51302,0,2.5,0.90415,1.4089,8.4729,8.2898,1,0.33155,0.40888,1.8727,4.4341,41.991,30.011,1,700,51302,0,7,0.90415,1.4089,8.4729,8.2898,1,0.33155,0.40888,1.8727,4.4341,41.991,30.011,6,273.86,0.0030537,0,2.7386,3.1414e-08,6.2829e-08,0,5.0263e-07,0,0,1.5707e-08,5.2566e-08,2.5132e-07,0,1.0053e-06,2.7386,1
9,41013,500,52550,0,5,0.90971,1.4194,8.5134,8.3354,1,0.3343,0.41129,1.8648,4.4229,41.946,29.953,4,900,52550,0,9,0.90971,1.4194,8.5134,8.3354,1,0.3343,0.41129,1.8648,4.4229,41.946,29.953,8,500,52550,0,5,0.90971,1.4194,8.5134,8.3354,1,0.3343,0.41129,1.8648,4.4229,41.946,29.953,4,100,52550,0,1,0.90971,1.4194,8.5134,8.3354,1,0.3343,0.41129,1.8648,4.4229,41.946,29.953,0,250,52550,0,2.5,0.90971,1.4194,8.5134,8.3354,1,0.3343,0.41129,1.8648,4.4229,41.946,29.953,1,700,52550,0,7,0.90971,1.4194,8.5134,8.3354,1,0.3343,0.41129,1.8648,4.4229,41.946,29.953,6,273.86,0.0028378,0,2.7386,4.9671e-08,5.2566e-08,5.0263e-07,4.7684e-07,0,0,1.5707e-08,6.2829e-08,0,0,1.0053e-06,2.7386,1
9,42120,500,54046,0,5,0.92018,1.4304,8.5542,8.3963,1,0.3376,0.41428,1.8518,4.4096,41.905,29.882,4,900,54046,0,9,0.92018,1.4304,8.5542,8.3963,1,0.3376,0.41428,1.8518,4.4096,41.905,29.882,8,500,54046,0,5,0.92018,1.4304,8.5542,8.3963,1,0.3376,0.41428,1.8518,4.4096,41.905,29.882,4,100,54046,0,1,0.92018,1.4304,8.5542,8.3963,1,0.3376,0.41428,1.8518,4.4096,41.905,29.882,0,250,54046,0,2.5,0.92018,1.4304,8.5542,8.3963,1,0.3376,0.41428,1.8518,4.4096,41.905,29.882,1,700,54046,0,7,0.92018,1.4304,8.5542,8.3963,1,0.3376,0.41428,1.8518,4.4096,41.905,29.882,6,273.86,0.0027621,0,2.7386,7.3e-08,6.2829e-08,0,6.3578e-07,0,0,2.4835e-08,8.4294e-08,0,0,0,2.7386,1
9,43042,500,55291,0,5,0.92826,1.4403,8.586,8.4515,1,0.34035,0.41685,1.8418,4.3982,41.873,29.818,4,900,55291,0,9,0.92826,1.4403,8.586,8.4515,1,0.34035,0.41685,1.8418,4.3982,41.873,29.818,8,500,55291,0,5,0.92826,1.4403,8.586,8.4515,1,0.34035,0.41685,1.8418,4.3982,41.873,29.818,4,100,55291,0,1,0.92826,1.4403,8.586,8.4515,1,0.34035,0.41685,1.8418,4.3982,41.873,29.818,0,250,55291,0,2.5,0.92826,1.4403,8.586,8.4515,1,0.34035,0.41685,1.8418,4.3982,41.873,29.818,1,700,55291,0,7,0.92826,1.4403,8.586,8.4515,1,0.34035,0.41685,1.8418,4.3982,41.873,29.818,6,273.86,0.0027621,0,2.7386,2.9802e-08,5.2566e-08,0,0,0,0,0,0,0,0,0,2.7386,1
9,44148,500,56783,0,5,0.93753,1.456,8.6333,8.5122,1,0.34363,0.42,1.8292,4.3792,41.827,29.744,4,900,56783,0,9,0.93753,1.456,8.6333,8.5122,1,0.34363,0.42,1.8292,4.3792,41.827,29.744,8,500,56783,0,5,0.93753,1.456,8.6333,8.5122,1,0.34363,0.42,1.8292,4.3792,41.827,29.744,4,100,56783,0,1,0.93753,1.456,8.6333,8.5122,1,0.34363,0.42,1.8292,4.3792,41.827,29.744,0,250,56783,0,2.5,0.93753,1.456,8.6333,8.5122,1,0.34363,0.42,1.8292,4.3792,41.827,29.744,1,700,56783,0,7,0.93753,1.456,8.6333,8.5122,1,0.34363,0.42,1.8292,4.3792,41.827,29.744,6,273.86,0.0030537,0,2.7386,1.9868e-08,6.2829e-08,5.0263e-07,4.7684e-07,0,0,2.1073e-08,5.2566e-08,0,2.0105e-06,8.4106e-07,2.7386,1
9,45069,500,58025,0,5,0.94699,1.4694,8.66,8.5728,1,0.34637,0.42271,1.8186,4.3643,41.799,29.677,4,900,58025,0,9,0.94699,1.4694,8.66,8.5728,1,0.34637,0.42271,1.8186,4.3643,41.799,29.677,8,500,58025,0,5,0.94699,1.4694,8.66,8.5728,1,0.34637,0.42271,1.8186,4.3643,41.799,29.677,4,100,58025,0,1,0.94699,1.4694,8.66,8.5728,1,0.34637,0.42271,1.8186,4.3643,41.799,29.677,0,250,58025,0,2.5,0.94699,1.4694,8.66,8.5728,1,0.34637,0.42271,1.8186,4.3643,41.799,29.677,1,700,58025,0,7,0.94699,1.4694,8.66,8.5728,1,0.34637,0.42271,1.8186,4.3643,41.799,29.677,6,273.86,0.0023474,0,2.7386,2.9802e-08,8.4294e-08,4.7684e-07,4.2053e-07,0,0,2.3298e-08,0,0,0,0,2.7386,1
9,46173,500,59511,0,5,0.95917,1.4814,8.7048,8.6407,1,0.34965,0.42603,1.8033,4.3509,41.757,29.598,4,900,59511,0,9,0.95917,1.4814,8.7048,8.6407,1,0.34965,0.42603,1.8033,4.3509,41.757,29.598,8,500,59511,0,5,0.95917,1.4814,8.7048,8.6407,1,0.34965,0.42603,1.8033,4.3509,41.757,29.598,4,100,59511,0,1,0.95917,1.4814,8.7048,8.6407,1,0.34965,0.42603,1.8033,4.3509,41.757,29.598,0,250,59511,0,2.5,0.95917,1.4814,8.7048,8.6407,1,0.34965,0.42603,1.8033,4.3509,41.757,29.598,1,700,59511,0,7,0.95917,1.4814,8.7048,8.6407,1,0.34965,0.42603,1.8033,4.3509,41.757,29.598,6,273.86,0.0019531,0,2.7386,0,6.2829e-08,0,0,0,0,0,3.9736e-08,0,0,6.3578e-07,2.7386,1
9,47091,500,60746,0,5,0.96731,1.494,8.7448,8.6994,1,0.35237,0.42886,1.795,4.3374,41.712,29.535,4,900,60746,0,9,0.96732,1.494,8.7448,8.6994,1,0.35237,0.42886,1.795,4.3374,41.712,29.535,8,500,60746,0,5,0.96731,1.494,8.7448,8.6994,1,0.35237,0.42886,1.795,4.3374,41.712,29.535,4,100,60746,0,1,0.96731,1.494,8.7448,8.6994,1,0.35237,0.42886,1.795,4.3374,41.712,29.535,0,250,60746,0,2.5,0.96731,1.494,8.7448,8.6994,1,0.35237,0.42886,1.795,4.3374,41.712,29.535,1,700,60746,0,7,0.96732,1.494,8.7448,8.6994,1,0.35237,0.42886,1.795,4.3374,41.712,29.535,6,273.86,0.0028378,0,2.7386,3.1414e-08,6.2829e-08,0,5.0263e-07,0,0,1.5707e-08,3.9736e-08,2.5132e-07,0,1.0053e-06,2.7386,1
9,48009,500,61978,0,5,0.97899,1.5079,8.7684,8.7642,1,0.35509,0.43175,1.7802,4.321,41.692,29.459,4,900,61978,0,9,0.97899,1.5079,8.7684,8.7642,1,0.35509,0.43175,1.7802,4.321,41.692,29.459,8,500,61978,0,5,0.97899,1.5079,8.7684,8.7642,1,0.35509,0.43175,1.7802,4.321,41.692,29.459,4,100,61978,0,1,0.97899,1.5079,8.7684,8.7642,1,0.35509,0.43175,1.7802,4.321,41.692,29.459,0,250,61978,0,2.5,0.97899,1.5079,8.7684,8.7642,1,0.35509,0.43175,1.7802,4.321,41.692,29.459,1,700,61978,0,7,0.97899,1.5079,8.7684,8.7642,1,0.35509,0.43175,1.7802,4.321,41.692,29.459,6,273.86,0.0019531,0,2.7386,4.3302e-08,6.2829e-08,0,3.1789e-07,0,0,1.5707e-08,5.9605e-08,0,0,0,2.7386,1
9,49109,500,63453,0,5,0.98901,1.5205,8.8285,8.8324,1,0.35835,0.43529,1.7684,4.3071,41.626,29.38,4,900,63453,0,9,0.98901,1.5205,8.8285,8.8324,1,0.35835,0.43529,1.7684,4.3071,41.626,29.38,8,500,63453,0,5,0.98901,1.5205,8.8285,8.8324,1,0.35835,0.43529,1.7684,4.3071,41.626,29.38,4,100,63453,0,1,0.98901,1.5205,8.8285,8.8324,1,0.35835,0.43529,1.7684,4.3071,41.626,29.38,0,250,63453,0,2.5,0.98901,1.5205,8.8285,8.8324,1,0.35835,0.43529,1.7684,4.3071,41.626,29.38,1,700,63453,0,7,0.98901,1.5205,8.8285,8.8324,1,0.35835,0.43529,1.7684,4.3071,41.626,29.38,6,273.86,0.0028378,0,2.7386,3.1414e-08,6.2829e-08,4.7684e-07,5.0263e-07,0,0,0,0,1.5895e-07,0,1.0053e-06,2.7386,1
9,50025,500,64679,0,5,0.99752,1.5334,8.868,8.8903,1,0.36106,0.4383,1.7503,4.2897,41.596,29.29,4,900,64679,0,9,0.99752,1.5334,8.868,8.8903,1,0.36106,0.4383,1.7503,4.2897,41.596,29.29,8,500,64679,0,5,0.99752,1.5334,8.868,8.8903,1,0.36106,0.4383,1.7503,4.2897,41.596,29.29,4,100,64679,0,1,0.99752,1.5334,8.868,8.8903,1,0.36106,0.4383,1.7503,4.2897,41.596,29.29,0,250,64679,0,2.5,0.99752,1.5334,8.868,8.8903,1,0.36106,0.4383,1.7503,4.2897,41.596,29.29,1,700,64679,0,7,0.99752,1.5334,8.868,8.8903,1,0.36106,0.4383,1.7503,4.2897,41.596,29.29,6,273.86,0.0023474,0,2.7386,2.6283e-08,0,4.7684e-07,0,0,0,1.3142e-08,5.9605e-08,0,0,0,2.7386,1
9,51123,500,66145,0,5,1.0095,1.5487,8.9182,8.9654,1,0.36431,0.44198,1.7344,4.2726,41.547,29.201,4,900,66145,0,9,1.0095,1.5487,8.9182,8.9654,1,0.36431,0.44198,1.7344,4.2726,41.547,29.201,8,500,66145,0,5,1.0095,1.5487,8.9182,8.9654,1,0.36431,0.44198,1.7344,4.2726,41.547,29.201,4,100,66145,0,1,1.0095,1.5487,8.9182,8.9654,1,0.36431,0.44198,1.7344,4.2726,41.547,29.201,0,250,66145,0,2.5,1.0095,1.5487,8.9182,8.9654,1,0.36431,0.44198,1.7344,4.2726,41.547,29.201,1,700,66145,0,7,1.0095,1.5487,8.9182,8.9654,1,0.36431,0.44198,1.7344,4.2726,41.547,29.201,6,273.86,0,0,2.7386,0,0,0,0,0,0,0,8.4294e-08,0,0,9.5367e-07,2.7386,1
9,52038,500,67364,0,5,1.0216,1.5614,8.9538,9.0336,1,0.36702,0.44512,1.722,4.2594,41.51,29.13,4,900,67364,0,9,1.0216,1.5614,8.9538,9.0336,1,0.36702,0.44512,1.722,4.2594,41.51,29.13,8,500,67364,0,5,1.0216,1.5614,8.9538,9.0336,1,0.36702,0.44512,1.722,4.2594,41.51,29.13,4,100,67364,0,1,1.0216,1.5614,8.9538,9.0336,1,0.36702,0.44512,1.722,4.2594,41.51,29.13,0,250,67364,0,2.5,1.0216,1.5614,8.9538,9.0336,1,0.36702,0.44512,1.722,4.2594,41.51,29.13,1,700,67364,0,7,1.0216,1.5614,8.9538,9.0336,1,0.36702,0.44512,1.722,4.2594,41.51,29.13,6,273.86,0.003445,0,2.7386,3.9736e-08,6.2829e-08,4.2053e-07,4.7684e-07,0,0,1.3142e-08,5.2566e-08,0,1.9073e-06,0,2.7386,1
9,53135,500,68821,0,5,1.0316,1.5772,9.0168,9.109,1,0.37026,0.44895,1.71,4.2415,41.45,29.047,4,900,68821,0,9,1.0316,1.5772,9.0168,9.109,1,0.37026,0.44895,1.71,4.2415,41.45,29.047,8,500,68821,0,5,1.0316,1.5772,9.0168,9.109,1,0.37026,0.44895,1.71,4.2415,41.45,29.047,4,100,68821,0,1,1.0316,1.5772,9.0168,9.109,1,0.37026,0.44895,1.71,4.2415,41.45,29.047,0,250,68821,0,2.5,1.0316,1.5772,9.0168,9.109,1,0.37026,0.44895,1.71,4.2415,41.45,29.047,1,700,68821,0,7,1.0316,1.5772,9.0168,9.109,1,0.37026,0.44895,1.71,4.2415,41.45,29.047,6,273.86,0.003445,0,2.7386,0,6.2829e-08,5.0263e-07,4.7684e-07,0,0,1.5707e-08,5.2566e-08,0,0,0,2.7386,1
9,54048,500,70032,0,5,1.0398,1.5911,9.0725,9.1747,1,0.37297,0.4522,1.7045,4.228,41.388,28.986,4,900,70032,0,9,1.0398,1.5911,9.0725,9.1747,1,0.37297,0.4522,1.7045,4.228,41.388,28.986,8,500,70032,0,5,1.0398,1.5911,9.0725,9.1747,1,0.37297,0.4522,1.7045,4.228,41.388,28.986,4,100,70032,0,1,1.0398,1.5911,9.0725,9.1747,1,0.37297,0.4522,1.7045,4.228,41.388,28.986,0,250,70032,0,2.5,1.0398,1.5911,9.0725,9.1747,1,0.37297,0.4522,1.7045,4.228,41.388,28.986,1,700,70032,0,7,1.0398,1.5911,9.0725,9.1747,1,0.37297,0.4522,1.7045,4.228,41.388,28.986,6,273.86,0.0026042,0,2.7386,0,6.2829e-08,5.0263e-07,4.7684e-07,0,0,1.5707e-08,5.2566e-08,0,1.9073e-06,0,2.7386,1
9,55144,500,71481,0,5,1.051,1.6081,9.132,9.2541,1,0.37621,0.45616,1.6916,4.2098,41.324,28.897,4,900,71481,0,9,1.051,1.6081,9.132,9.2541,1,0.37621,0.45616,1.6916,4.2098,41.324,28.897,8,500,71481,0,5,1.051,1.6081,9.132,9.2541,1,0.37621,0.45616,1.6916,4.2098,41.324,28.897,4,100,71481,0,1,1.051,1.6081,9.132,9.2541,1,0.37621,0.45616,1.6916,4.2098,41.324,28.897,0,250,71481,0,2.5,1.051,1.6081,9.132,9.2541,1,0.37621,0.45616,1.6916,4.2098,41.324,28.897,1,700,71481,0,7,1.051,1.6081,9.132,9.2541,1,0.37621,0.45616,1.6916,4.2098,41.324,28.897,6,273.86,0.0041175,0,2.7386,0,5.9605e-08,4.7684e-07,0,0,0,1.4901e-08,5.2566e-08,0,1.6821e-06,9.5367e-07,2.7386,1
9,56056,500,72684,0,5,1.0612,1.6201,9.1818,9.3228,1,0.37891,0.45952,1.6806,4.1966,41.268,28.823,4,900,72684,0,9,1.0612,1.6201,9.1818,9.3228,1,0.37891,0.45952,1.6806,4.1966,41.268,28.823,8,500,72684,0,5,1.0612,1.6201,9.1818,9.3228,1,0.37891,0.45952,1.6806,4.1966,41.268,28.823,4,100,72684,0,1,1.0612,1.6201,9.1818,9.3228,1,0.37891,0.45952,1.6806,4.1966,41.268,28.823,0,250,72684,0,2.5,1.0612,1.6201,9.1818,9.3228,1,0.37891,0.45952,1.6806,4.1966,41.268,28.823,1,700,72684,0,7,1.0612,1.6201,9.1818,9.3228,1,0.37891,0.45952,1.6806,4.1966,41.268,28.823,6,273.86,0.0041175,0,2.7386,6.2829e-08,0,4.7684e-07,0,0,0,0,5.2566e-08,0,0,0,2.7386,1
9,57151,500,74122,0,5,1.0738,1.6391,9.2378,9.406,1,0.38215,0.4636,1.6666,4.1753,41.207,28.73,4,900,74122,0,9,1.0738,1.6391,9.2378,9.406,1,0.38215,0.4636,1.6666,4.1753,41.207,28.73,8,500,74122,0,5,1.0738,1.6391,9.2378,9.406,1,0.38215,0.4636,1.6666,4.1753,41.207,28.73,4,100,74122,0,1,1.0738,1.6391,9.2378,9.406,1,0.38215,0.4636,1.6666,4.1753,41.207,28.73,0,250,74122,0,2.5,1.0738,1.6391,9.2378,9.406,1,0.38215,0.4636,1.6666,4.1753,41.207,28.73,1,700,74122,0,7,1.0738,1.6391,9.2378,9.406,1,0.38215,0.4636,1.6666,4.1753,41.207,28.73,6,273.86,0.0041175,0,2.7386,6.2829e-08,6.2829e-08,0,5.0263e-07,0,0,2.1073e-08,5.2566e-08,0,0,1.0053e-06,2.7386,1
9,58063,500,75317,0,5,1.0849,1.6525,9.282,9.4773,1,0.38485,0.46706,1.6507,4.1595,41.165,28.643,4,900,75317,0,9,1.0849,1.6525,9.282,9.4773,1,0.38485,0.46706,1.6507,4.1595,41.165,28.643,8,500,75317,0,5,1.0849,1.6525,9.282,9.4773,1,0.38485,0.46706,1.6507,4.1595,41.165,28.643,4,100,75317,0,1,1.0849,1.6525,9.282,9.4773,1,0.38485,0.46706,1.6507,4.1595,41.165,28.643,0,250,75317,0,2.5,1.0849,1.6525,9.282,9.4773,1,0.38485,0.46706,1.6507,4.1595,41.165,28.643,1,700,75317,0,7,1.0849,1.6525,9.282,9.4773,1,0.38485,0.46706,1.6507,4.1595,41.165,28.643,6,273.86,0.0041175,0,2.7386,6.2829e-08,6.2829e-08,4.7684e-07,4.7684e-07,0,0,2.581e-08,5.9605e-08,0,0,9.5367e-07,2.7386,1
9,59158,500,76746,0,5,1.0988,1.6692,9.3375,9.565,1,0.38809,0.47127,1.6342,4.1391,41.114,28.546,4,900,76746,0,9,1.0988,1.6692,9.3375,9.565,1,0.38809,0.47127,1.6342,4.1391,41.114,28.546,8,500,76746,0,5,1.0988,1.6692,9.3375,9.565,1,0.38809,0.47127,1.6342,4.1391,41.114,28.546,4,100,76746,0,1,1.0988,1.6692,9.3375,9.565,1,0.38809,0.47127,1.6342,4.1391,41.114,28.546,0,250,76746,0,2.5,1.0988,1.6692,9.3375,9.565,1,0.38809,0.47127,1.6342,4.1391,41.114,28.546,1,700,76746,0,7,1.0988,1.6692,9.3375,9.565,1,0.38809,0.47127,1.6342,4.1391,41.114,28.546,6,273.86,0.0026042,0,2.7386,6.2829e-08,7.9473e-08,0,5.0263e-07,0,0,1.5707e-08,0,2.3842e-07,0,0,2.7386,1
9,60070,500,77933,0,5,1.1059,1.6822,9.4016,9.6295,1,0.3908,0.47482,1.62,4.1232,41.055,28.456,4,900,77933,0,9,1.1059,1.6822,9.4016,9.6295,1,0.3908,0.47482,1.62,4.1232,41.055,28.456,8,500,77933,0,5,1.1059,1.6822,9.4016,9.6295,1,0.3908,0.47482,1.62,4.1232,41.055,28.456,4,100,77933,0,1,1.1059,1.6822,9.4016,9.6295,1,0.3908,0.47482,1.62,4.1232,41.055,28.456,0,250,77933,0,2.5,1.1059,1.6822,9.4016,9.6295,1,0.3908,0.47482,1.62,4.1232,41.055,28.456,1,700,77933,0,7,1.1059,1.6822,9.4016,9.6295,1,0.3908,0.47482,1.62,4.1232,41.055,28.456,6,273.86,0.0041175,0,2.7386,0,0,0,0,0,0,1.4901e-08,8.6604e-08,0,0,0,2.7386,1
9,61165,500,79352,0,5,1.1233,1.7028,9.4461,9.7271,1,0.39404,0.47914,1.6055,4.1035,41.006,28.367,4,900,79352,0,9,1.1233,1.7028,9.4461,9.7271,1,0.39404,0.47914,1.6055,4.1035,41.006,28.367,8,500,79352,0,5,1.1233,1.7028,9.4461,9.7271,1,0.39404,0.47914,1.6055,4.1035,41.006,28.367,4,100,79352,0,1,1.1233,1.7028,9.4461,9.7271,1,0.39404,0.47914,1.6055,4.1035,41.006,28.367,0,250,79352,0,2.5,1.1233,1.7028,9.4461,9.7271,1,0.39404,0.47914,1.6055,4.1035,41.006,28.367,1,700,79352,0,7,1.1233,1.7028,9.4461,9.7271,1,0.39404,0.47914,1.6055,4.1035,41.006,28.367,6,273.86,0.0026042,0,2.7386,0,0,3.1789e-07,4.2053e-07,0,0,1.5707e-08,5.2566e-08,0,0,0,2.7386,1
9,62077,500,80530,0,5,1.1311,1.7169,9.5156,9.7978,1,0.39675,0.48279,1.6026,4.0905,40.916,28.306,4,900,80530,0,9,1.1311,1.7169,9.5156,9.7978,1,0.39675,0.48279,1.6026,4.0905,40.916,28.306,8,500,80530,0,5,1.1311,1.7169,9.5156,9.7978,1,0.39675,0.48279,1.6026,4.0905,40.916,28.306,4,100,80530,0,1,1.1311,1.7169,9.5156,9.7978,1,0.39675,0.48279,1.6026,4.0905,40.916,28.306,0,250,80530,0,2.5,1.1311,1.7169,9.5156,9.7978,1,0.39675,0.48279,1.6026,4.0905,40.916,28.306,1,700,80530,0,7,1.1311,1.7169,9.5156,9.7978,1,0.39675,0.48279,1.6026,4.0905,40.916,28.306,6,273.86,0.0041175,0,2.7386,6.2829e-08,6.2829e-08,4.7684e-07,4.7684e-07,0,0,1.5707e-08,3.9736e-08,0,0,1.0053e-06,2.7386,1
9,63172,500,81939,0,5,1.1432,1.736,9.5852,9.8872,1,0.4,0.48722,1.5876,4.0715,40.859,28.211,4,900,81939,0,9,1.1432,1.736,9.5852,9.8872,1,0.4,0.48722,1.5876,4.0715,40.859,28.211,8,500,81939,0,5,1.1432,1.736,9.5852,9.8872,1,0.4,0.48722,1.5876,4.0715,40.859,28.211,4,100,81939,0,1,1.1432,1.736,9.5852,9.8872,1,0.4,0.48722,1.5876,4.0715,40.859,28.211,0,250,81939,0,2.5,1.1432,1.736,9.5852,9.8872,1,0.4,0.48722,1.5876,4.0715,40.859,28.211,1,700,81939,0,7,1.1432,1.736,9.5852,9.8872,1,0.4,0.48722,1.5876,4.0715,40.859,28.211,6,273.86,0.003445,0,2.7386,3.9736e-08,6.2829e-08,4.7684e-07,5.0263e-07,0,0,1.3142e-08,3.9736e-08,0,0,0,2.7386,1
9,64085,500,83109,0,5,1.1535,1.7525,9.6426,9.9618,1,0.40272,0.49095,1.5727,4.0516,40.817,28.125,4,900,83109,0,9,1.1535,1.7525,9.6426,9.9618,1,0.40272,0.49095,1.5727,4.0516,40.817,28.125,8,500,83109,0,5,1.1535,1.7525,9.6426,9.9618,1,0.40272,0.49095,1.5727,4.0516,40.817,28.125,4,100,83109,0,1,1.1535,1.7525,9.6426,9.9618,1,0.40272,0.49095,1.5727,4.0516,40.817,28.125,0,250,83109,0,2.5,1.1535,1.7525,9.6426,9.9618,1,0.40272,0.49095,1.5727,4.0516,40.817,28.125,1,700,83109,0,7,1.1535,1.7525,9.6426,9.9618,1,0.40272,0.49095,1.5727,4.0516,40.817,28.125,6,273.86,0.0026042,0,2.7386,5.2566e-08,0,0,0,0,0,0,0,1.5895e-07,0,6.3578e-07,2.7386,1
9,65181,500,84508,0,5,1.1699,1.7708,9.6961,10.059,1,0.40598,0.49548,1.5533,4.0329,40.77,28.019,4,900,84508,0,9,1.1699,1.7708,9.6961,10.059,1,0.40598,0.49548,1.5533,4.0329,40.77,28.019,8,500,84508,0,5,1.1699,1.7708,9.6961,10.059,1,0.40598,0.49548,1.5533,4.0329,40.77,28.019,4,100,84508,0,1,1.1699,1.7708,9.6961,10.059,1,0.40598,0.49548,1.5533,4.0329,40.77,28.019,0,250,84508,0,2.5,1.1699,1.7708,9.6961,10.059,1,0.40598,0.49548,1.5533,4.0329,40.77,28.019,1,700,84508,0,7,1.1699,1.7708,9.6961,10.059,1,0.40598,0.49548,1.5533,4.0329,40.77,28.019,6,273.86,0.003445,0,2.7386,6.2829e-08,7.9473e-08,5.0263e-07,5.0263e-07,0,0,2.4835e-08,6.2829e-08,0,0,1.0053e-06,2.7386,1
9,66094,500,85668,0,5,1.1777,1.7866,9.7608,10.128,1,0.4087,0.49928,1.5357,4.0119,40.72,27.919,4,900,85668,0,9,1.1777,1.7866,9.7608,10.128,1,0.4087,0.49928,1.5357,4.0119,40.72,27.919,8,500,85668,0,5,1.1777,1.7866,9.7608,10.128,1,0.4087,0.49928,1.5357,4.0119,40.72,27.919,4,100,85668,0,1,1.1777,1.7866,9.7608,10.128,1,0.4087,0.49928,1.5357,4.0119,40.72,27.919,0,250,85668,0,2.5,1.1777,1.7866,9.7608,10.128,1,0.4087,0.49928,1.5357,4.0119,40.72,27.919,1,700,85668,0,7,1.1777,1.7866,9.7608,10.128,1,0.4087,0.49928,1.5357,4.0119,40.72,27.919,6,273.86,0.0039062,0,2.7386,1.1062e-07,1.46e-07,5.0263e-07,7.9473e-07,0,1.5707e-08,2.7655e-08,6.2829e-08,2.5132e-07,0,9.5367e-07,2.7386,1
9,67007,500,86824,0,5,1.1886,1.8009,9.8191,10.205,1,0.41142,0.50311,1.5235,3.9958,40.657,27.834,4,900,86824,0,9,1.1886,1.8009,9.8191,10.205,1,0.41142,0.50311,1.5235,3.9958,40.657,27.834,8,500,86824,0,5,1.1885,1.8009,9.8191,10.205,1,0.41142,0.50311,1.5235,3.9958,40.657,27.834,4,100,86824,0,1,1.1885,1.8009,9.8191,10.205,1,0.41142,0.50311,1.5235,3.9958,40.657,27.834,0,250,86824,0,2.5,1.1885,1.8009,9.8191,10.205,1,0.41142,0.50311,1.5235,3.9958,40.657,27.834,1,700,86824,0,7,1.1886,1.8009,9.8191,10.205,1,0.41142,0.50311,1.5235,3.9958,40.657,27.834,6,273.86,0.003445,0,2.7386,5.9605e-08,1.1062e-07,5.0263e-07,7.4552e-07,0,0,3.1414e-08,1.46e-07,1.1921e-07,0,9.5367e-07,2.7386,1
9,68103,500,88205,0,5,1.2024,1.8207,9.8859,10.299,1,0.41469,0.50776,1.5106,3.9759,40.577,27.736,4,900,88205,0,9,1.2024,1.8207,9.8859,10.299,1,0.41469,0.50776,1.5106,3.9759,40.577,27.736,8,500,88205,0,5,1.2024,1.8207,9.8859,10.299,1,0.41469,0.50776,1.5106,3.9759,40.577,27.736,4,100,88205,0,1,1.2024,1.8207,9.8859,10.299,1,0.41469,0.50776,1.5106,3.9759,40.577,27.736,0,250,88205,0,2.5,1.2024,1.8207,9.8859,10.299,1,0.41469,0.50776,1.5106,3.9759,40.577,27.736,1,700,88205,0,7,1.2024,1.8207,9.8859,10.299,1,0.41469,0.50776,1.5106,3.9759,40.577,27.736,6,273.86,0.0041175,0,2.7386,3.9736e-08,1.1062e-07,5.0263e-07,5.0263e-07,0,1.3142e-08,3.1414e-08,9.9341e-08,1.0513e-07,0,1.0053e-06,2.7386,1
9,69016,500,89351,0,5,1.2128,1.8389,9.9459,10.377,1,0.41742,0.51166,1.5025,3.9574,40.505,27.66,4,900,89351,0,9,1.2128,1.8389,9.9459,10.377,1,0.41742,0.51166,1.5025,3.9574,40.505,27.66,8,500,89351,0,5,1.2128,1.8389,9.9459,10.377,1,0.41742,0.51166,1.5025,3.9574,40.505,27.66,4,100,89351,0,1,1.2128,1.8389,9.9459,10.377,1,0.41742,0.51166,1.5025,3.9574,40.505,27.66,0,250,89351,0,2.5,1.2128,1.8389,9.9459,10.377,1,0.41742,0.51166,1.5025,3.9574,40.505,27.66,1,700,89351,0,7,1.2128,1.8389,9.9459,10.377,1,0.41742,0.51166,1.5025,3.9574,40.505,27.66,6,273.86,0,0,2.7386,6.2829e-08,6.2829e-08,0,5.0263e-07,0,0,0,5.9605e-08,1.0513e-07,0,0,2.7386,1
9,70111,500,90719,0,5,1.2231,1.8584,10.027,10.465,1,0.42069,0.51637,1.4883,3.9341,40.423,27.555,4,900,90719,0,9,1.2231,1.8584,10.027,10.465,1,0.42069,0.51637,1.4883,3.9341,40.423,27.555,8,500,90719,0,5,1.2231,1.8584,10.027,10.465,1,0.42069,0.51637,1.4883,3.9341,40.423,27.555,4,100,90719,0,1,1.2231,1.8584,10.027,10.465,1,0.42069,0.51637,1.4883,3.9341,40.423,27.555,0,250,90719,0,2.5,1.2231,1.8584,10.027,10.465,1,0.42069,0.51637,1.4883,3.9341,40.423,27.555,1,700,90719,0,7,1.2231,1.8584,10.027,10.465,1,0.42069,0.51637,1.4883,3.9341,40.423,27.555,6,273.86,0.0026042,0,2.7386,0,0,0,4.7684e-07,0,0,0,6.2829e-08,0,0,0,2.7386,1
9,71024,500,91854,0,5,1.2379,1.8761,10.065,10.548,1,0.42343,0.52032,1.466,3.9115,40.398,27.448,4,900,91854,0,9,1.2379,1.8761,10.065,10.548,1,0.42343,0.52032,1.466,3.9115,40.398,27.448,8,500,91854,0,5,1.2379,1.8761,10.065,10.548,1,0.42343,0.52032,1.466,3.9115,40.398,27.448,4,100,91854,0,1,1.2379,1.8761,10.065,10.548,1,0.42343,0.52032,1.466,3.9115,40.398,27.448,0,250,91854,0,2.5,1.2379,1.8761,10.065,10.548,1,0.42343,0.52032,1.466,3.9115,40.398,27.448,1,700,91854,0,7,1.2379,1.8761,10.065,10.548,1,0.42343,0.52032,1.466,3.9115,40.398,27.448,6,273.86,0.003445,0,2.7386,6.2829e-08,0,0,0,0,1.4901e-08,0,0,0,0,0,2.7386,1
9,72119,500,93209,0,5,1.2484,1.8923,10.145,10.635,1,0.42671,0.52509,1.4482,3.8893,40.316,27.33,4,900,93209,0,9,1.2484,1.8923,10.145,10.635,1,0.42671,0.52509,1.4482,3.8893,40.316,27.33,8,500,93209,0,5,1.2484,1.8923,10.145,10.635,1,0.42671,0.52509,1.4482,3.8893,40.316,27.33,4,100,93209,0,1,1.2484,1.8923,10.145,10.635,1,0.42671,0.52509,1.4482,3.8893,40.316,27.33,0,250,93209,0,2.5,1.2484,1.8923,10.145,10.635,1,0.42671,0.52509,1.4482,3.8893,40.316,27.33,1,700,93209,0,7,1.2484,1.8923,10.145,10.635,1,0.42671,0.52509,1.4482,3.8893,40.316,27.33,6,273.86,0.0041175,0,2.7386,0,6.2829e-08,0,4.7684e-07,0,0,2.6283e-08,3.9736e-08,0,0,0,2.7386,1
9,73032,500,94333,0,5,1.2611,1.9083,10.199,10.717,1,0.42945,0.52909,1.4349,3.8725,40.259,27.243,4,900,94333,0,9,1.2611,1.9083,10.199,10.717,1,0.42945,0.52909,1.4349,3.8725,40.259,27.243,8,500,94333,0,5,1.2611,1.9083,10.199,10.717,1,0.42945,0.52909,1.4349,3.8725,40.259,27.243,4,100,94333,0,1,1.2611,1.9083,10.199,10.717,1,0.42945,0.52909,1.4349,3.8725,40.259,27.243,0,250,94333,0,2.5,1.2611,1.9083,10.199,10.717,1,0.42945,0.52909,1.4349,3.8725,40.259,27.243,1,700,94333,0,7,1.2611,1.9083,10.199,10.717,1,0.42945,0.52909,1.4349,3.8725,40.259,27.243,6,273.86,0.003445,0,2.7386,0,0,0,0,0,0,0,5.2566e-08,1.2566e-07,0,0,2.7386,1
9,74125,500,95674,0,5,1.2741,1.9302,10.272,10.812,1,0.43274,0.53391,1.4228,3.849,40.178,27.146,4,900,95674,0,9,1.2741,1.9302,10.272,10.812,1,0.43274,0.53391,1.4228,3.849,40.178,27.146,8,500,95674,0,5,1.2741,1.9302,10.272,10.812,1,0.43274,0.53391,1.4228,3.849,40.178,27.146,4,100,95674,0,1,1.2741,1.9302,10.272,10.812,1,0.43274,0.53391,1.4228,3.849,40.178,27.146,0,250,95674,0,2.5,1.2741,1.9302,10.272,10.812,1,0.43274,0.53391,1.4228,3.849,40.178,27.146,1,700,95674,0,7,1.2741,1.9302,10.272,10.812,1,0.43274,0.53391,1.4228,3.849,40.178,27.146,6,273.86,0.0026042,0,2.7386,0,0,0,0,0,1.4901e-08,0,5.2566e-08,0,0,0,2.7386,1
9,75034,500,96784,0,5,1.2851,1.9441,10.338,10.893,1,0.43548,0.53793,1.4132,3.8359,40.104,27.067,4,900,96784,0,9,1.2851,1.9441,10.338,10.893,1,0.43548,0.53793,1.4132,3.8359,40.104,27.067,8,500,96784,0,5,1.2851,1.9441,10.338,10.893,1,0.43548,0.53793,1.4132,3.8359,40.104,27.067,4,100,96784,0,1,1.2851,1.9441,10.338,10.893,1,0.43548,0.53793,1.4132,3.8359,40.104,27.067,0,250,96784,0,2.5,1.2851,1.9441,10.338,10.893,1,0.43548,0.53793,1.4132,3.8359,40.104,27.067,1,700,96784,0,7,1.2851,1.9441,10.338,10.893,1,0.43548,0.53793,1.4132,3.8359,40.104,27.067,6,273.86,0.0041175,0,2.7386,0,0,0,5.0263e-07,0,1.4901e-08,0,5.2566e-08,0,0,8.4106e-07,2.7386,1
9,76124,500,98108,0,5,1.2951,1.9674,10.423,10.984,1,0.43877,0.54278,1.4022,3.8124,40.017,26.97,4,900,98108,0,9,1.2951,1.9674,10.423,10.984,1,0.43877,0.54278,1.4022,3.8124,40.017,26.97,8,500,98108,0,5,1.2951,1.9674,10.423,10.984,1,0.43877,0.54278,1.4022,3.8124,40.017,26.97,4,100,98108,0,1,1.2951,1.9674,10.423,10.984,1,0.43877,0.54278,1.4022,3.8124,40.017,26.97,0,250,98108,0,2.5,1.2951,1.9674,10.423,10.984,1,0.43877,0.54278,1.4022,3.8124,40.017,26.97,1,700,98108,0,7,1.2951,1.9674,10.423,10.984,1,0.43877,0.54278,1.4022,3.8124,40.017,26.97,6,273.86,0.003445,0,2.7386,0,6.2829e-08,0,4.7684e-07,0,0,0,6.2829e-08,0,2.0105e-06,1.0053e-06,2.7386,1
9,77032,500,99205,0,5,1.308,1.9849,10.475,11.067,1,0.44151,0.54681,1.3835,3.7926,39.983,26.874,4,900,99205,0,9,1.308,1.9849,10.475,11.067,1,0.44151,0.54681,1.3835,3.7926,39.983,26.874,8,500,99205,0,5,1.308,1.9849,10.475,11.067,1,0.44151,0.54681,1.3835,3.7926,39.983,26.874,4,100,99205,0,1,1.308,1.9849,10.475,11.067,1,0.44151,0.54681,1.3835,3.7926,39.983,26.874,0,250,99205,0,2.5,1.308,1.9849,10.475,11.067,1,0.44151,0.54681,1.3835,3.7926,39.983,26.874,1,700,99205,0,7,1.308,1.9849,10.475,11.067,1,0.44151,0.54681,1.3835,3.7926,39.983,26.874,6,273.86,0.003445,0,2.7386,6.2829e-08,9.319e-08,4.7684e-07,4.2053e-07,0,0,0,6.2829e-08,7.9473e-08,0,0,2.7386,1
9,78119,500,1.0051e+05,0,5,1.3211,2.0043,10.552,11.163,1,0.4448,0.55167,1.3651,3.7718,39.93,26.769,4,900,1.0051e+05,0,9,1.3211,2.0043,10.552,11.163,1,0.4448,0.55167,1.3651,3.7718,39.93,26.769,8,500,1.0051e+05,0,5,1.3211,2.0043,10.552,11.163,1,0.4448,0.55167,1.3651,3.7718,39.93,26.769,4,100,1.0051e+05,0,1,1.3211,2.0043,10.552,11.163,1,0.4448,0.55167,1.3651,3.7718,39.93,26.769,0,250,1.0051e+05,0,2.5,1.3211,2.0043,10.552,11.163,1,0.4448,0.55167,1.3651,3.7718,39.93,26.769,1,700,1.0051e+05,0,7,1.3211,2.0043,10.552,11.163,1,0.4448,0.55167,1.3651,3.7718,39.93,26.769,6,273.86,0.0041175,0,2.7386,6.2829e-08,1.2566e-07,5.0263e-07,0,0,0,0,5.9605e-08,1.2566e-07,0,0,2.7386,1
9,79023,500,1.016e+05,0,5,1.333,2.0214,10.614,11.247,1,0.44754,0.55574,1.3574,3.7565,39.857,26.696,4,900,1.016e+05,0,9,1.333,2.0214,10.614,11.247,1,0.44754,0.55574,1.3574,3.7565,39.857,26.696,8,500,1.016e+05,0,5,1.333,2.0214,10.614,11.247,1,0.44754,0.55574,1.3574,3.7565,39.857,26.696,4,100,1.016e+05,0,1,1.333,2.0214,10.614,11.247,1,0.44754,0.55574,1.3574,3.7565,39.857,26.696,0,250,1.016e+05,0,2.5,1.333,2.0214,10.614,11.247,1,0.44754,0.55574,1.3574,3.7565,39.857,26.696,1,700,1.016e+05,0,7,1.333,2.0214,10.614,11.247,1,0.44754,0.55574,1.3574,3.7565,39.857,26.696,6,273.86,0.0041175,0,2.7386,0,1.2566e-07,0,0,0,0,0,0,0,0,0,2.7386,1
9,80107,500,1.0289e+05,0,5,1.3429,2.0452,10.7,11.338,1,0.45083,0.56061,1.346,3.7311,39.773,26.599,4,900,1.0289e+05,0,9,1.3429,2.0452,10.7,11.338,1,0.45083,0.56061,1.346,3.7311,39.773,26.599,8,500,1.0289e+05,0,5,1.3429,2.0452,10.7,11.338,1,0.45083,0.56061,1.346,3.7311,39.773,26.599,4,100,1.0289e+05,0,1,1.3429,2.0452,10.7,11.338,1,0.45083,0.56061,1.346,3.7311,39.773,26.599,0,250,1.0289e+05,0,2.5,1.3429,2.0452,10.7,11.338,1,0.45083,0.56061,1.346,3.7311,39.773,26.599,1,700,1.0289e+05,0,7,1.3429,2.0452,10.7,11.338,1,0.45083,0.56061,1.346,3.7311,39.773,26.599,6,273.86,0.0026042,0,2.7386,0,0,0,0,0,1.4901e-08,0,0,0,0,0,2.7386,1
9,81009,500,1.0396e+05,0,5,1.3542,2.0618,10.76,11.418,1,0.45357,0.56467,1.3328,3.714,39.714,26.512,4,900,1.0396e+05,0,9,1.3542,2.0618,10.76,11.418,1,0.45357,0.56467,1.3328,3.714,39.714,26.512,8,500,1.0396e+05,0,5,1.3542,2.0618,10.76,11.418,1,0.45357,0.56467,1.3328,3.714,39.714,26.512,4,100,1.0396e+05,0,1,1.3542,2.0618,10.76,11.418,1,0.45357,0.56467,1.3328,3.714,39.714,26.512,0,250,1.0396e+05,0,2.5,1.3542,2.0618,10.76,11.418,1,0.45357,0.56467,1.3328,3.714,39.714,26.512,1,700,1.0396e+05,0,7,1.3542,2.0618,10.76,11.418,1,0.45357,0.56467,1.3328,3.714,39.714,26.512,6,273.86,0,0,2.7386,0,0,0,5.0263e-07,0,0,0,0,0,0,0,2.7386,1
9,82090,500,1.0523e+05,0,5,1.3606,2.0797,10.868,11.504,1,0.45686,0.56954,1.3248,3.6953,39.615,26.423,4,900,1.0523e+05,0,9,1.3606,2.0797,10.868,11.504,1,0.45686,0.56954,1.3248,3.6953,39.615,26.423,8,500,1.0523e+05,0,5,1.3606,2.0797,10.868,11.504,1,0.45686,0.56954,1.3248,3.6953,39.615,26.423,4,100,1.0523e+05,0,1,1.3606,2.0797,10.868,11.504,1,0.45686,0.56954,1.3248,3.6953,39.615,26.423,0,250,1.0523e+05,0,2.5,1.3606,2.0797,10.868,11.504,1,0.45686,0.56954,1.3248,3.6953,39.615,26.423,1,700,1.0523e+05,0,7,1.3606,2.0797,10.868,11.504,1,0.45686,0.56954,1.3248,3.6953,39.615,26.423,6,273.86,0.0026042,0,2.7386,6.2829e-08,7.9473e-08,5.0263e-07,0,0,0,0,0,0,0,0,2.7386,1
9,83169,500,1.065e+05,0,5,1.3739,2.1007,10.946,11.603,1,0.46016,0.5744,1.3127,3.6773,39.542,26.333,4,900,1.065e+05,0,9,1.3739,2.1007,10.946,11.603,1,0.46016,0.5744,1.3127,3.6773,39.542,26.333,8,500,1.065e+05,0,5,1.3739,2.1007,10.946,11.603,1,0.46016,0.5744,1.3127,3.6773,39.542,26.333,4,100,1.065e+05,0,1,1.3739,2.1007,10.946,11.603,1,0.46016,0.5744,1.3127,3.6773,39.542,26.333,0,250,1.065e+05,0,2.5,1.3739,2.1007,10.946,11.603,1,0.46016,0.5744,1.3127,3.6773,39.542,26.333,1,700,1.065e+05,0,7,1.3739,2.1007,10.946,11.603,1,0.46016,0.5744,1.3127,3.6773,39.542,26.333,6,273.86,0.0039063,0,2.7386,0,0,0,0,0,0,0,0,1.1921e-07,0,0,2.7386,1
9,84068,500,1.0755e+05,0,5,1.3858,2.1198,11.008,11.688,1,0.4629,0.57847,1.3057,3.6601,39.476,26.266,4,900,1.0755e+05,0,9,1.3858,2.1198,11.008,11.688,1,0.4629,0.57847,1.3057,3.6601,39.476,26.266,8,500,1.0755e+05,0,5,1.3858,2.1198,11.008,11.688,1,0.4629,0.57847,1.3057,3.6601,39.476,26.266,4,100,1.0755e+05,0,1,1.3858,2.1198,11.008,11.688,1,0.4629,0.57847,1.3057,3.6601,39.476,26.266,0,250,1.0755e+05,0,2.5,1.3858,2.1198,11.008,11.688,1,0.4629,0.57847,1.3057,3.6601,39.476,26.266,1,700,1.0755e+05,0,7,1.3858,2.1198,11.008,11.688,1,0.4629,0.57847,1.3057,3.6601,39.476,26.266,6,273.86,0.0026042,0,2.7386,0,0,0,0,0,0,0,0,0,0,0,2.7386,1
9,85145,500,1.0881e+05,0,5,1.3986,2.1401,11.093,11.788,1,0.46619,0.58333,1.2931,3.6437,39.418,26.182,4,900,1.0881e+05,0,9,1.3986,2.1401,11.093,11.788,1,0.46619,0.58333,1.2931,3.6437,39.418,26.182,8,500,1.0881e+05,0,5,1.3986,2.1401,11.093,11.788,1,0.46619,0.58333,1.2931,3.6437,39.418,26.182,4,100,1.0881e+05,0,1,1.3986,2.1401,11.093,11.788,1,0.46619,0.58333,1.2931,3.6437,39.418,26.182,0,250,1.0881e+05,0,2.5,1.3986,2.1401,11.093,11.788,1,0.46619,0.58333,1.2931,3.6437,39.418,26.182,1,700,1.0881e+05,0,7,1.3986,2.1401,11.093,11.788,1,0.46619,0.58333,1.2931,3.6437,39.418,26.182,6,273.86,0.0039062,0,2.7386,0,0,4.7684e-07,0,0,0,2.9802e-08,5.9605e-08,0,2.0105e-06,0,2.7386,1
9,86041,500,1.0984e+05,0,5,1.4038,2.1595,11.185,11.863,1,0.46894,0.58737,1.2866,3.6268,39.355,26.118,4,900,1.0984e+05,0,9,1.4038,2.1595,11.185,11.863,1,0.46894,0.58737,1.2866,3.6268,39.355,26.118,8,500,1.0984e+05,0,5,1.4038,2.1595,11.185,11.863,1,0.46894,0.58737,1.2866,3.6268,39.355,26.118,4,100,1.0984e+05,0,1,1.4038,2.1595,11.185,11.863,1,0.46894,0.58737,1.2866,3.6268,39.355,26.118,0,250,1.0984e+05,0,2.5,1.4038,2.1595,11.185,11.863,1,0.46894,0.58737,1.2866,3.6268,39.355,26.118,1,700,1.0984e+05,0,7,1.4038,2.1595,11.185,11.863,1,0.46894,0.58737,1.2866,3.6268,39.355,26.118,6,273.86,0.0041175,0,2.7386,0,1.2566e-07,4.7684e-07,4.7684e-07,0,0,0,0,0,0,1.0053e-06,2.7386,1
9,87116,500,1.1108e+05,0,5,1.4104,2.1786,11.292,11.949,1,0.47224,0.59221,1.2756,3.607,39.272,26.026,4,900,1.1108e+05,0,9,1.4104,2.1786,11.292,11.949,1,0.47224,0.59221,1.2756,3.607,39.272,26.026,8,500,1.1108e+05,0,5,1.4104,2.1786,11.292,11.949,1,0.47224,0.59221,1.2756,3.607,39.272,26.026,4,100,1.1108e+05,0,1,1.4104,2.1786,11.292,11.949,1,0.47224,0.59221,1.2756,3.607,39.272,26.026,0,250,1.1108e+05,0,2.5,1.4104,2.1786,11.292,11.949,1,0.47224,0.59221,1.2756,3.607,39.272,26.026,1,700,1.1108e+05,0,7,1.4104,2.1786,11.292,11.949,1,0.47224,0.59221,1.2756,3.607,39.272,26.026,6,273.86,0,0,2.7386,3.9736e-08,0,5.0263e-07,0,0,0,3.1414e-08,0,1.1921e-07,2.0105e-06,0,2.7386,1
9,88011,500,1.1211e+05,0,5,1.4229,2.1949,11.35,12.033,1,0.47499,0.59625,1.2651,3.5922,39.213,25.95,4,900,1.1211e+05,0,9,1.4229,2.1949,11.35,12.033,1,0.47499,0.59625,1.2651,3.5922,39.213,25.95,8,500,1.1211e+05,0,5,1.4229,2.1949,11.35,12.033,1,0.47499,0.59625,1.2651,3.5922,39.213,25.95,4,100,1.1211e+05,0,1,1.4229,2.1949,11.35,12.033,1,0.47499,0.59625,1.2651,3.5922,39.213,25.95,0,250,1.1211e+05,0,2.5,1.4229,2.1949,11.35,12.033,1,0.47499,0.59625,1.2651,3.5922,39.213,25.95,1,700,1.1211e+05,0,7,1.4229,2.1949,11.35,12.033,1,0.47499,0.59625,1.2651,3.5922,39.213,25.95,6,273.86,0.0041175,0,2.7386,6.2829e-08,0,5.0263e-07,5.0263e-07,0,0,3.1414e-08,0,0,0,1.0053e-06,2.7386,1
9,89084,500,1.1334e+05,0,5,1.4341,2.2116,11.436,12.126,1,0.47829,0.60109,1.2527,3.5748,39.134,25.856,4,900,1.1334e+05,0,9,1.4341,2.2116,11.436,12.126,1,0.47829,0.60109,1.2527,3.5748,39.134,25.856,8,500,1.1334e+05,0,5,1.4341,2.2116,11.436,12.126,1,0.47829,0.60109,1.2527,3.5748,39.134,25.856,4,100,1.1334e+05,0,1,1.4341,2.2116,11.436,12.126,1,0.47829,0.60109,1.2527,3.5748,39.134,25.856,0,250,1.1334e+05,0,2.5,1.4341,2.2116,11.436,12.126,1,0.47829,0.60109,1.2527,3.5748,39.134,25.856,1,700,1.1334e+05,0,7,1.4341,2.2116,11.436,12.126,1,0.47829,0.60109,1.2527,3.5748,39.134,25.856,6,273.86,0.0041175,0,2.7386,5.2566e-08,0,5.0263e-07,5.0263e-07,0,0,3.1414e-08,0,1.2566e-07,0,8.4106e-07,2.7386,1
9,90157,500,1.1456e+05,0,5,1.4457,2.2394,11.507,12.218,1,0.4816,0.6059,1.2387,3.5455,39.072,25.758,4,900,1.1456e+05,0,9,1.4457,2.2394,11.507,12.218,1,0.4816,0.6059,1.2387,3.5455,39.072,25.758,8,500,1.1456e+05,0,5,1.4457,2.2394,11.507,12.218,1,0.4816,0.6059,1.2387,3.5455,39.072,25.758,4,100,1.1456e+05,0,1,1.4457,2.2394,11.507,12.218,1,0.4816,0.6059,1.2387,3.5455,39.072,25.758,0,250,1.1456e+05,0,2.5,1.4457,2.2394,11.507,12.218,1,0.4816,0.6059,1.2387,3.5455,39.072,25.758,1,700,1.1456e+05,0,7,1.4457,2.2394,11.507,12.218,1,0.4816,0.6059,1.2387,3.5455,39.072,25.758,6,273.86,0.003445,0,2.7386,6.2829e-08,1.0513e-07,5.0263e-07,4.2053e-07,0,0,2.6283e-08,0,0,0,0,2.7386,1
9,91051,500,1.1557e+05,0,5,1.4543,2.2552,11.575,12.291,1,0.48436,0.6099,1.226,3.5277,39.013,25.672,4,900,1.1557e+05,0,9,1.4543,2.2552,11.575,12.291,1,0.48436,0.6099,1.226,3.5277,39.013,25.672,8,500,1.1557e+05,0,5,1.4543,2.2552,11.575,12.291,1,0.48436,0.6099,1.226,3.5277,39.013,25.672,4,100,1.1557e+05,0,1,1.4543,2.2552,11.575,12.291,1,0.48436,0.6099,1.226,3.5277,39.013,25.672,0,250,1.1557e+05,0,2.5,1.4543,2.2552,11.575,12.291,1,0.48436,0.6099,1.226,3.5277,39.013,25.672,1,700,1.1557e+05,0,7,1.4543,2.2552,11.575,12.291,1,0.48436,0.6099,1.226,3.5277,39.013,25.672,6,273.86,0.0041175,0,2.7386,0,0,0,4.7684e-07,0,0,0,0,0,0,0,2.7386,1
9,92122,500,1.1677e+05,0,5,1.4599,2.2719,11.682,12.373,1,0.48768,0.61469,1.2202,3.5105,38.901,25.587,4,900,1.1677e+05,0,9,1.4599,2.2719,11.682,12.373,1,0.48768,0.61469,1.2202,3.5105,38.901,25.587,8,500,1.1677e+05,0,5,1.4599,2.2719,11.682,12.373,1,0.48768,0.61469,1.2202,3.5105,38.901,25.587,4,100,1.1677e+05,0,1,1.4599,2.2719,11.682,12.373,1,0.48768,0.61469,1.2202,3.5105,38.901,25.587,0,250,1.1677e+05,0,2.5,1.4599,2.2719,11.682,12.373,1,0.48768,0.61469,1.2202,3.5105,38.901,25.587,1,700,1.1677e+05,0,7,1.4599,2.2719,11.682,12.373,1,0.48768,0.61469,1.2202,3.5105,38.901,25.587,6,273.86,0.0039063,0,2.7386,3.9736e-08,0,0,0,0,0,2.9802e-08,5.9605e-08,0,0,0,2.7386,1
9,93015,500,1.1777e+05,0,5,1.462,2.286,11.78,12.437,1,0.49044,0.61868,1.2187,3.4963,38.793,25.52,4,900,1.1777e+05,0,9,1.462,2.286,11.78,12.437,1,0.49044,0.61868,1.2187,3.4963,38.793,25.52,8,500,1.1777e+05,0,5,1.462,2.286,11.78,12.437,1,0.49044,0.61868,1.2187,3.4963,38.793,25.52,4,100,1.1777e+05,0,1,1.462,2.286,11.78,12.437,1,0.49044,0.61868,1.2187,3.4963,38.793,25.52,0,250,1.1777e+05,0,2.5,1.462,2.286,11.78,12.437,1,0.49044,0.61868,1.2187,3.4963,38.793,25.52,1,700,1.1777e+05,0,7,1.462,2.286,11.78,12.437,1,0.49044,0.61868,1.2187,3.4963,38.793,25.52,6,273.86,0.0039063,0,2.7386,5.2566e-08,0,0,0,0,0,0,5.2566e-08,1.2566e-07,0,0,2.7386,1
9,94087,500,1.1897e+05,0,5,1.4741,2.303,11.856,12.528,1,0.49376,0.62344,1.2071,3.4769,38.709,25.426,4,900,1.1897e+05,0,9,1.4741,2.303,11.856,12.528,1,0.49376,0.62344,1.2071,3.4769,38.709,25.426,8,500,1.1897e+05,0,5,1.4741,2.303,11.856,12.528,1,0.49376,0.62344,1.2071,3.4769,38.709,25.426,4,100,1.1897e+05,0,1,1.4741,2.303,11.856,12.528,1,0.49376,0.62344,1.2071,3.4769,38.709,25.426,0,250,1.1897e+05,0,2.5,1.4741,2.303,11.856,12.528,1,0.49376,0.62344,1.2071,3.4769,38.709,25.426,1,700,1.1897e+05,0,7,1.4741,2.303,11.856,12.528,1,0.49376,0.62344,1.2071,3.4769,38.709,25.426,6,273.86,0.003445,0,2.7386,5.9605e-08,0,0,0,0,0,0,0,1.2566e-07,0,0,2.7386,1
9,95158,500,1.2016e+05,0,5,1.4861,2.3273,11.922,12.618,1,0.49709,0.62817,1.1953,3.4504,38.634,25.331,4,900,1.2016e+05,0,9,1.4861,2.3273,11.922,12.618,1,0.49709,0.62817,1.1953,3.4504,38.634,25.331,8,500,1.2016e+05,0,5,1.4861,2.3273,11.922,12.618,1,0.49709,0.62817,1.1953,3.4504,38.634,25.331,4,100,1.2016e+05,0,1,1.4861,2.3273,11.922,12.618,1,0.49709,0.62817,1.1953,3.4504,38.634,25.331,0,250,1.2016e+05,0,2.5,1.4861,2.3273,11.922,12.618,1,0.49709,0.62817,1.1953,3.4504,38.634,25.331,1,700,1.2016e+05,0,7,1.4861,2.3273,11.922,12.618,1,0.49709,0.62817,1.1953,3.4504,38.634,25.331,6,273.86,0,0,2.7386,0,0,4.7684e-07,4.2053e-07,0,0,3.1414e-08,6.2829e-08,1.2566e-07,0,0,2.7386,1
9,96051,500,1.2115e+05,0,5,1.494,2.3435,11.992,12.69,1,0.49987,0.63212,1.1899,3.436,38.551,25.263,4,900,1.2115e+05,0,9,1.494,2.3435,11.992,12.69,1,0.49987,0.63212,1.1899,3.436,38.551,25.263,8,500,1.2115e+05,0,5,1.494,2.3435,11.992,12.69,1,0.49987,0.63212,1.1899,3.436,38.551,25.263,4,100,1.2115e+05,0,1,1.494,2.3435,11.992,12.69,1,0.49987,0.63212,1.1899,3.436,38.551,25.263,0,250,1.2115e+05,0,2.5,1.494,2.3435,11.992,12.69,1,0.49987,0.63212,1.1899,3.436,38.551,25.263,1,700,1.2115e+05,0,7,1.494,2.3435,11.992,12.69,1,0.49987,0.63212,1.1899,3.436,38.551,25.263,6,273.86,0.003445,0,2.7386,5.2566e-08,1.1921e-07,0,5.0263e-07,0,0,2.9802e-08,6.2829e-08,7.9473e-08,2.0105e-06,8.4106e-07,2.7386,1
9,97122,500,1.2233e+05,0,5,1.5005,2.3607,12.092,12.773,1,0.5032,0.63683,1.1851,3.4183,38.444,25.184,4,900,1.2233e+05,0,9,1.5005,2.3607,12.092,12.773,1,0.5032,0.63683,1.1851,3.4183,38.444,25.184,8,500,1.2233e+05,0,5,1.5005,2.3607,12.092,12.773,1,0.5032,0.63683,1.1851,3.4183,38.444,25.184,4,100,1.2233e+05,0,1,1.5005,2.3607,12.092,12.773,1,0.5032,0.63683,1.1851,3.4183,38.444,25.184,0,250,1.2233e+05,0,2.5,1.5005,2.3607,12.092,12.773,1,0.5032,0.63683,1.1851,3.4183,38.444,25.184,1,700,1.2233e+05,0,7,1.5005,2.3607,12.092,12.773,1,0.5032,0.63683,1.1851,3.4183,38.444,25.184,6,273.86,0.0041175,0,2.7386,8.4294e-08,0,5.0263e-07,4.7684e-07,0,0,0,6.2829e-08,0,0,0,2.7386,1
9,98015,500,1.2331e+05,0,5,1.506,2.3744,12.174,12.841,1,0.50599,0.64073,1.1807,3.4047,38.356,25.117,4,900,1.2331e+05,0,9,1.506,2.3744,12.174,12.841,1,0.50599,0.64073,1.1807,3.4047,38.356,25.117,8,500,1.2331e+05,0,5,1.506,2.3744,12.174,12.841,1,0.50599,0.64073,1.1807,3.4047,38.356,25.117,4,100,1.2331e+05,0,1,1.506,2.3744,12.174,12.841,1,0.50599,0.64073,1.1807,3.4047,38.356,25.117,0,250,1.2331e+05,0,2.5,1.506,2.3744,12.174,12.841,1,0.50599,0.64073,1.1807,3.4047,38.356,25.117,1,700,1.2331e+05,0,7,1.506,2.3744,12.174,12.841,1,0.50599,0.64073,1.1807,3.4047,38.356,25.117,6,273.86,0,0,2.7386,0,1.1921e-07,0,0,0,0,0,3.9736e-08,7.9473e-08,0,6.3578e-07,2.7386,1
9,99087,500,1.2448e+05,0,5,1.5036,2.3877,12.314,12.909,1,0.50934,0.64539,1.1837,3.3905,38.213,25.05,4,900,1.2448e+05,0,9,1.5036,2.3877,12.314,12.909,1,0.50934,0.64539,1.1837,3.3905,38.213,25.05,8,500,1.2448e+05,0,5,1.5036,2.3877,12.314,12.909,1,0.50934,0.64539,1.1837,3.3905,38.213,25.05,4,100,1.2448e+05,0,1,1.5036,2.3877,12.314,12.909,1,0.50934,0.64539,1.1837,3.3905,38.213,25.05,0,250,1.2448e+05,0,2.5,1.5036,2.3877,12.314,12.909,1,0.50934,0.64539,1.1837,3.3905,38.213,25.05,1,700,1.2448e+05,0,7,1.5036,2.3877,12.314,12.909,1,0.50934,0.64539,1.1837,3.3905,38.213,25.05,6,273.86,0,0,2.7386,1.2085e-07,0,4.2053e-07,4.2053e-07,0,0,0,5.2566e-08,0,0,0,2.7386,1
9,1.0016e+05,500,1.2565e+05,0,5,1.5135,2.407,12.401,12.998,1,0.51269,0.65005,1.1794,3.3736,38.121,24.98,4,900,1.2565e+05,0,9,1.5135,2.407,12.401,12.998,1,0.51269,0.65005,1.1794,3.3736,38.121,24.98,8,500,1.2565e+05,0,5,1.5135,2.407,12.401,12.998,1,0.51269,0.65005,1.1794,3.3736,38.121,24.98,4,100,1.2565e+05,0,1,1.5135,2.407,12.401,12.998,1,0.51269,0.65005,1.1794,3.3736,38.121,24.98,0,250,1.2565e+05,0,2.5,1.5135,2.407,12.401,12.998,1,0.51269,0.65005,1.1794,3.3736,38.121,24.98,1,700,1.2565e+05,0,7,1.5135,2.407,12.401,12.998,1,0.51269,0.65005,1.1794,3.3736,38.121,24.98,6,273.86,0.0041175,0,2.7386,5.9605e-08,1.2566e-07,4.7684e-07,4.2053e-07,0,2.6283e-08,0,0,1.2566e-07,0,1.0053e-06,2.7386,1
9,1.0105e+05,500,1.2661e+05,0,5,1.5228,2.4192,12.472,13.075,1,0.51549,0.6539,1.1744,3.3642,38.049,24.922,4,900,1.2661e+05,0,9,1.5228,2.4192,12.472,13.075,1,0.51549,0.6539,1.1744,3.3642,38.049,24.922,8,500,1.2661e+05,0,5,1.5228,2.4192,12.472,13.075,1,0.51549,0.6539,1.1744,3.3642,38.049,24.922,4,100,1.2661e+05,0,1,1.5228,2.4192,12.472,13.075,1,0.51549,0.6539,1.1744,3.3642,38.049,24.922,0,250,1.2661e+05,0,2.5,1.5228,2.4192,12.472,13.075,1,0.51549,0.6539,1.1744,3.3642,38.049,24.922,1,700,1.2661e+05,0,7,1.5228,2.4192,12.472,13.075,1,0.51549,0.6539,1.1744,3.3642,38.049,24.922,6,273.86,0.003445,0,2.7386,1.2085e-07,1.4327e-07,6.9283e-07,0,0,0,3.1414e-08,7.9473e-08,7.9473e-08,0,0,2.7386,1
9,1.0213e+05,500,1.2777e+05,0,5,1.5289,2.4399,12.576,13.153,1,0.51885,0.6585,1.1726,3.3462,37.941,24.859,4,900,1.2777e+05,0,9,1.5289,2.4399,12.576,13.153,1,0.51885,0.6585,1.1726,3.3462,37.941,24.859,8,500,1.2777e+05,0,5,1.5289,2.4399,12.576,13.153,1,0.51885,0.6585,1.1726,3.3462,37.941,24.859,4,100,1.2777e+05,0,1,1.5289,2.4399,12.576,13.153,1,0.51885,0.6585,1.1726,3.3462,37.941,24.859,0,250,1.2777e+05,0,2.5,1.5289,2.4399,12.576,13.153,1,0.51885,0.6585,1.1726,3.3462,37.941,24.859,1,700,1.2777e+05,0,7,1.5289,2.4399,12.576,13.153,1,0.51885,0.6585,1.1726,3.3462,37.941,24.859,6,273.86,0,0,2.7386,7.9473e-08,1.2566e-07,4.2053e-07,0,0,0,3.1414e-08,5.9605e-08,0,0,0,2.7386,1
9,1.0302e+05,500,1.2873e+05,0,5,1.5346,2.4515,12.67,13.216,1,0.52166,0.66231,1.1707,3.3373,37.839,24.808,4,900,1.2873e+05,0,9,1.5346,2.4515,12.67,13.216,1,0.52166,0.66231,1.1707,3.3373,37.839,24.808,8,500,1.2873e+05,0,5,1.5346,2.4515,12.67,13.216,1,0.52166,0.66231,1.1707,3.3373,37.839,24.808,4,100,1.2873e+05,0,1,1.5346,2.4515,12.67,13.216,1,0.52166,0.66231,1.1707,3.3373,37.839,24.808,0,250,1.2873e+05,0,2.5,1.5346,2.4515,12.67,13.216,1,0.52166,0.66231,1.1707,3.3373,37.839,24.808,1,700,1.2873e+05,0,7,1.5346,2.4515,12.67,13.216,1,0.52166,0.66231,1.1707,3.3373,37.839,24.808,6,273.86,0.0026042,0,2.7386,2.1491e-07,7.9473e-08,1.0662e-06,5.7309e-07,0,0,0,1.3328e-07,1.1921e-07,1.6821e-06,0,2.7386,1
9,1.041e+05,500,1.2988e+05,0,5,1.5345,2.4655,12.795,13.284,1,0.52504,0.66687,1.1719,3.3231,37.706,24.74,4,900,1.2988e+05,0,9,1.5345,2.4655,12.795,13.284,1,0.52504,0.66687,1.1719,3.3231,37.706,24.74,8,500,1.2988e+05,0,5,1.5345,2.4655,12.795,13.284,1,0.52504,0.66687,1.1719,3.3231,37.706,24.74,4,100,1.2988e+05,0,1,1.5345,2.4655,12.795,13.284,1,0.52504,0.66687,1.1719,3.3231,37.706,24.74,0,250,1.2988e+05,0,2.5,1.5345,2.4655,12.795,13.284,1,0.52504,0.66687,1.1719,3.3231,37.706,24.74,1,700,1.2988e+05,0,7,1.5345,2.4655,12.795,13.284,1,0.52504,0.66687,1.1719,3.3231,37.706,24.74,6,273.86,0,0,2.7386,4.731e-07,2.2124e-07,2.0105e-06,6.7435e-07,0,0,0,2.886e-07,1.8638e-07,1.2716e-06,6.3578e-07,2.7386,1
9,1.0517e+05,500,1.3103e+05,0,5,1.5373,2.484,12.898,13.355,1,0.52842,0.6714,1.1689,3.3032,37.596,24.664,4,900,1.3103e+05,0,9,1.5373,2.484,12.898,13.355,1,0.52842,0.6714,1.1689,3.3032,37.596,24.664,8,500,1.3103e+05,0,5,1.5373,2.484,12.898,13.355,1,0.52842,0.6714,1.1689,3.3032,37.596,24.664,4,100,1.3103e+05,0,1,1.5373,2.484,12.898,13.355,1,0.52842,0.6714,1.1689,3.3032,37.596,24.664,0,250,1.3103e+05,0,2.5,1.5373,2.484,12.898,13.355,1,0.52842,0.6714,1.1689,3.3032,37.596,24.664,1,700,1.3103e+05,0,7,1.5373,2.484,12.898,13.355,1,0.52842,0.6714,1.1689,3.3032,37.596,24.664,6,273.86,0,0,2.7386,1.7351e-06,1.0581e-06,8.4735e-06,2.9048e-06,0,0,0,1.2753e-06,6.9283e-07,6.5458e-06,2.2923e-06,2.7386,1
9,1.0607e+05,500,1.3198e+05,0,5,1.5399,2.4912,12.989,13.413,1,0.53125,0.67514,1.1656,3.2938,37.499,24.599,4,900,1.3198e+05,0,9,1.5399,2.4912,12.989,13.413,1,0.53125,0.67514,1.1656,3.2938,37.499,24.599,8,500,1.3198e+05,0,5,1.5399,2.4912,12.989,13.413,1,0.53125,0.67514,1.1656,3.2938,37.499,24.599,4,100,1.3198e+05,0,1,1.5399,2.4912,12.989,13.413,1,0.53125,0.67514,1.1656,3.2938,37.499,24.599,0,250,1.3198e+05,0,2.5,1.5399,2.4912,12.989,13.413,1,0.53125,0.67514,1.1656,3.2938,37.499,24.599,1,700,1.3198e+05,0,7,1.5399,2.4912,12.989,13.413,1,0.53125,0.67514,1.1656,3.2938,37.499,24.599,6,273.86,0,0,2.7386,2.8071e-06,8.5503e-07,1.321e-05,4.842e-06,0,0,0,2.1989e-06,5.1962e-07,1.1567e-05,3.4385e-06,2.7386,1
9,1.0715e+05,500,1.3312e+05,0,5,1.5403,2.5098,13.099,13.479,1,0.53464,0.67963,1.1644,3.2737,37.379,24.525,4,900,1.3312e+05,0,9,1.5403,2.5098,13.099,13.479,1,0.53464,0.67963,1.1644,3.2737,37.379,24.525,8,500,1.3312e+05,0,5,1.5403,2.5098,13.099,13.479,1,0.53464,0.67963,1.1644,3.2737,37.379,24.525,4,100,1.3312e+05,0,1,1.5403,2.5098,13.099,13.479,1,0.53464,0.67963,1.1644,3.2737,37.379,24.525,0,250,1.3312e+05,0,2.5,1.5403,2.5098,13.099,13.479,1,0.53464,0.67963,1.1644,3.2737,37.379,24.525,1,700,1.3312e+05,0,7,1.5403,2.5098,13.099,13.479,1,0.53464,0.67963,1.1644,3.2737,37.379,24.525,6,273.86,0,0,2.7386,2.0648e-07,0,9.6683e-07,5.7309e-07,0,0,0,2.8028e-07,0,1.6821e-06,6.3578e-07,2.7386,1
9,1.0805e+05,500,1.3407e+05,0,5,1.5417,2.5199,13.189,13.534,1,0.53748,0.68334,1.1618,3.2613,37.283,24.462,4,900,1.3407e+05,0,9,1.5417,2.5199,13.189,13.534,1,0.53748,0.68334,1.1618,3.2613,37.283,24.462,8,500,1.3407e+05,0,5,1.5417,2.5199,13.189,13.534,1,0.53748,0.68334,1.1618,3.2613,37.283,24.462,4,100,1.3407e+05,0,1,1.5417,2.5199,13.189,13.534,1,0.53748,0.68334,1.1617,3.2613,37.283,24.462,0,250,1.3407e+05,0,2.5,1.5417,2.5199,13.189,13.534,1,0.53748,0.68334,1.1618,3.2613,37.283,24.462,1,700,1.3407e+05,0,7,1.5417,2.5199,13.189,13.534,1,0.53748,0.68334,1.1618,3.2613,37.283,24.462,6,273.86,0,0,2.7386,9.1514e-06,8.2801e-06,4.811e-05,1.4612e-05,0,0,0,7.8266e-06,6.9262e-06,4.3275e-05,1.1788e-05,2.7386,1
9,1.0913e+05,500,1.352e+05,0,5,1.542,2.5336,13.301,13.597,1,0.54089,0.68776,1.1598,3.2454,37.163,24.387,4,900,1.352e+05,0,9,1.542,2.5336,13.301,13.597,1,0.54089,0.68776,1.1598,3.2454,37.164,24.387,8,500,1.352e+05,0,5,1.542,2.5336,13.301,13.597,1,0.54089,0.68776,1.1598,3.2454,37.163,24.387,4,100,1.352e+05,0,1,1.542,2.5336,13.301,13.597,1,0.54089,0.68776,1.1598,3.2454,37.163,24.387,0,250,1.352e+05,0,2.5,1.542,2.5336,13.301,13.597,1,0.54089,0.68776,1.1598,3.2454,37.163,24.387,1,700,1.352e+05,0,7,1.542,2.5336,13.301,13.597,1,0.54089,0.68776,1.1598,3.2454,37.163,24.387,6,273.86,0,0,2.7386,8.1576e-06,1.2716e-06,3.7378e-05,1.213e-05,0,0,3.1414e-08,8.2414e-06,1.3167e-06,4.0461e-05,1.1085e-05,2.7386,1
9,1.1003e+05,500,1.3615e+05,0,5,1.5548,2.5505,13.342,13.674,1,0.54373,0.69143,1.1455,3.2271,37.127,24.307,4,900,1.3615e+05,0,9,1.5548,2.5505,13.342,13.674,1,0.54373,0.69143,1.1455,3.2271,37.127,24.307,8,500,1.3615e+05,0,5,1.5548,2.5505,13.342,13.674,1,0.54373,0.69143,1.1455,3.2271,37.127,24.307,4,100,1.3615e+05,0,1,1.5548,2.5505,13.342,13.674,1,0.54373,0.69143,1.1455,3.2271,37.127,24.307,0,250,1.3615e+05,0,2.5,1.5548,2.5505,13.342,13.674,1,0.54373,0.69143,1.1455,3.2271,37.127,24.307,1,700,1.3615e+05,0,7,1.5548,2.5505,13.342,13.674,1,0.54373,0.69143,1.1455,3.2271,37.127,24.307,6,273.86,0,0,2.7386,6.8221e-07,2.7816e-07,3.6e-06,1.2414e-06,0,0,0,2.7032e-06,6.9283e-07,1.3886e-05,3.8673e-06,2.7386,1
9,1.1111e+05,500,1.3727e+05,0,5,1.5654,2.5675,13.422,13.762,1,0.54715,0.6958,1.1352,3.2103,37.046,24.22,4,900,1.3727e+05,0,9,1.5655,2.5675,13.422,13.762,1,0.54715,0.6958,1.1352,3.2103,37.046,24.22,8,500,1.3727e+05,0,5,1.5654,2.5675,13.422,13.762,1,0.54715,0.6958,1.1352,3.2103,37.046,24.22,4,100,1.3727e+05,0,1,1.5654,2.5675,13.422,13.762,1,0.54715,0.6958,1.1351,3.2103,37.045,24.22,0,250,1.3727e+05,0,2.5,1.5654,2.5675,13.422,13.762,1,0.54715,0.6958,1.1352,3.2103,37.046,24.22,1,700,1.3727e+05,0,7,1.5654,2.5675,13.422,13.762,1,0.54715,0.6958,1.1352,3.2103,37.046,24.22,6,273.86,0,0,2.7386,2.8328e-05,8.3572e-06,0.00013434,4.3886e-05,0,0,0,2.4822e-05,6.1741e-06,0.00012212,3.4694e-05,2.7386,1
9,1.1201e+05,500,1.3821e+05,0,5,1.5761,2.5812,13.481,13.837,1,0.55001,0.69941,1.1246,3.1968,36.987,24.145,4,900,1.3821e+05,0,9,1.5761,2.5812,13.481,13.837,1,0.55001,0.69941,1.1246,3.1968,36.987,24.145,8,500,1.3821e+05,0,5,1.5761,2.5812,13.481,13.837,1,0.55001,0.69941,1.1245,3.1968,36.987,24.145,4,100,1.3821e+05,0,1,1.5761,2.5812,13.48,13.837,1,0.55001,0.69941,1.1245,3.1968,36.987,24.145,0,250,1.3821e+05,0,2.5,1.5761,2.5812,13.481,13.837,1,0.55001,0.69941,1.1245,3.1968,36.987,24.145,1,700,1.3821e+05,0,7,1.5761,2.5812,13.481,13.837,1,0.55001,0.69941,1.1245,3.1968,36.987,24.145,6,273.86,0,0,2.7386,2.9705e-06,1.568e-06,1.3738e-05,5.1798e-06,0,0,0,1.7372e-06,9.4619e-07,8.3139e-06,2.7161e-06,2.7386,1
9,1.1309e+05,500,1.3933e+05,0,5,1.5936,2.5978,13.527,13.934,1,0.55345,0.70372,1.1061,3.1793,36.943,24.045,4,900,1.3933e+05,0,9,1.5936,2.5978,13.527,13.934,1,0.55345,0.70372,1.1061,3.1793,36.943,24.045,8,500,1.3933e+05,0,5,1.5936,2.5978,13.527,13.934,1,0.55345,0.70372,1.1061,3.1793,36.943,24.045,4,100,1.3933e+05,0,1,1.5935,2.5978,13.527,13.934,1,0.55345,0.70372,1.106,3.1793,36.943,24.045,0,250,1.3933e+05,0,2.5,1.5936,2.5978,13.527,13.934,1,0.55345,0.70372,1.106,3.1793,36.943,24.045,1,700,1.3933e+05,0,7,1.5936,2.5978,13.527,13.934,1,0.55345,0.70372,1.1061,3.1793,36.943,24.045,6,273.86,0.0082351,0,2.7386,8.6543e-06,1.9948e-06,3.9745e-05,1.4674e-05,0,0,0,8.7617e-06,1.8621e-06,4.0928e-05,1.4127e-05,2.7386,1
9,1.1418e+05,500,1.4045e+05,0,5,1.6068,2.6164,13.591,14.024,1,0.55688,0.708,1.093,3.1607,36.879,23.956,4,900,1.4045e+05,0,9,1.6068,2.6164,13.592,14.024,1,0.55688,0.708,1.093,3.1608,36.879,23.956,8,500,1.4045e+05,0,5,1.6068,2.6164,13.591,14.024,1,0.55688,0.708,1.093,3.1607,36.879,23.956,4,100,1.4045e+05,0,1,1.6068,2.6163,13.591,14.024,1,0.55688,0.708,1.093,3.1607,36.879,23.956,0,250,1.4045e+05,0,2.5,1.6068,2.6164,13.591,14.024,1,0.55688,0.708,1.093,3.1607,36.879,23.956,1,700,1.4045e+05,0,7,1.6068,2.6164,13.591,14.024,1,0.55688,0.708,1.093,3.1607,36.879,23.956,6,273.86,0,0,2.7386,6.5782e-06,5.5075e-06,3.4806e-05,9.3129e-06,0,0,3.1414e-08,6.4285e-06,6.0246e-06,3.6908e-05,8.0984e-06,2.7386,1
9,1.1509e+05,500,1.4138e+05,0,5,1.6125,2.628,13.672,14.091,1,0.55975,0.71154,1.0877,3.1492,36.797,23.889,4,900,1.4138e+05,0,9,1.6125,2.628,13.672,14.091,1,0.55975,0.71154,1.0877,3.1492,36.797,23.889,8,500,1.4138e+05,0,5,1.6125,2.628,13.672,14.091,1,0.55975,0.71154,1.0877,3.1492,36.797,23.889,4,100,1.4138e+05,0,1,1.6125,2.628,13.672,14.091,1,0.55975,0.71154,1.0876,3.1492,36.797,23.889,0,250,1.4138e+05,0,2.5,1.6125,2.628,13.672,14.091,1,0.55975,0.71154,1.0877,3.1492,36.797,23.889,1,700,1.4138e+05,0,7,1.6125,2.628,13.672,14.091,1,0.55975,0.71154,1.0877,3.1492,36.797,23.889,6,273.86,0,0,2.7386,9.1793e-06,1.4255e-06,4.2626e-05,1.4724e-05,0,0,3.1414e-08,9.1756e-06,6.2829e-07,4.2654e-05,1.3491e-05,2.7386,1
9,1.1617e+05,500,1.425e+05,0,5,1.6197,2.6409,13.766,14.171,1,0.56323,0.71576,1.0805,3.1366,36.701,23.809,4,900,1.425e+05,0,9,1.6197,2.6409,13.766,14.171,1,0.56323,0.71576,1.0806,3.1366,36.701,23.809,8,500,1.425e+05,0,5,1.6197,2.6409,13.766,14.171,1,0.56323,0.71576,1.0805,3.1366,36.701,23.809,4,100,1.425e+05,0,1,1.6197,2.6409,13.766,14.171,1,0.56323,0.71576,1.0805,3.1366,36.701,23.809,0,250,1.425e+05,0,2.5,1.6197,2.6409,13.766,14.171,1,0.56323,0.71576,1.0805,3.1366,36.701,23.809,1,700,1.425e+05,0,7,1.6197,2.6409,13.766,14.171,1,0.56323,0.71576,1.0805,3.1366,36.701,23.809,6,273.86,0,0,2.7386,9.0336e-06,2.7496e-06,3.9685e-05,1.025e-05,0,0,0,8.994e-06,2.4004e-06,4.1526e-05,8.9857e-06,2.7386,1
9,1.1708e+05,500,1.4342e+05,0,5,1.6362,2.6602,13.789,14.253,1,0.56608,0.71923,1.0643,3.1174,36.68,23.729,4,900,1.4342e+05,0,9,1.6362,2.6602,13.789,14.253,1,0.56608,0.71923,1.0643,3.1174,36.68,23.729,8,500,1.4342e+05,0,5,1.6362,2.6602,13.789,14.253,1,0.56608,0.71923,1.0643,3.1174,36.68,23.729,4,100,1.4342e+05,0,1,1.6362,2.6602,13.789,14.253,1,0.56608,0.71923,1.0642,3.1174,36.68,23.729,0,250,1.4342e+05,0,2.5,1.6362,2.6602,13.789,14.253,1,0.56608,0.71923,1.0643,3.1174,36.68,23.729,1,700,1.4342e+05,0,7,1.6362,2.6602,13.789,14.253,1,0.56608,0.71923,1.0643,3.1174,36.68,23.729,6,273.86,0,0,2.7386,7.4064e-06,2.6656e-07,3.3086e-05,1.2893e-05,0,0,0,7.0311e-06,6.1688e-07,3.163e-05,1.1203e-05,2.7386,1
9,1.1817e+05,500,1.4453e+05,0,5,1.6571,2.6839,13.81,14.353,1,0.56953,0.72338,1.0438,3.0938,36.661,23.631,4,900,1.4453e+05,0,9,1.6571,2.6839,13.81,14.353,1,0.56953,0.72338,1.0438,3.0938,36.661,23.631,8,500,1.4453e+05,0,5,1.6571,2.6839,13.81,14.353,1,0.56953,0.72338,1.0438,3.0938,36.661,23.631,4,100,1.4453e+05,0,1,1.657,2.6839,13.81,14.353,1,0.56953,0.72338,1.0437,3.0937,36.661,23.631,0,250,1.4453e+05,0,2.5,1.6571,2.6839,13.81,14.353,1,0.56953,0.72338,1.0437,3.0938,36.661,23.631,1,700,1.4453e+05,0,7,1.6571,2.6839,13.81,14.353,1,0.56953,0.72338,1.0438,3.0938,36.661,23.631,6,273.86,0,0,2.7386,2.6302e-05,2.441e-05,0.00013923,3.9752e-05,0,0,2.9802e-08,2.5263e-05,2.4469e-05,0.00014252,3.4514e-05,2.7386,1
9,1.1908e+05,500,1.4545e+05,0,5,1.671,2.6976,13.849,14.431,1,0.57248,0.72684,1.03,3.0806,36.622,23.554,4,900,1.4545e+05,0,9,1.6711,2.6976,13.85,14.431,1,0.57248,0.72684,1.0301,3.0806,36.622,23.554,8,500,1.4545e+05,0,5,1.671,2.6976,13.849,14.431,1,0.57248,0.72684,1.03,3.0806,36.622,23.554,4,100,1.4545e+05,0,1,1.6709,2.6975,13.849,14.43,1,0.57248,0.72683,1.03,3.0806,36.622,23.554,0,250,1.4545e+05,0,2.5,1.671,2.6976,13.849,14.431,1,0.57248,0.72683,1.03,3.0806,36.622,23.554,1,700,1.4545e+05,0,7,1.671,2.6976,13.849,14.431,1,0.57248,0.72684,1.03,3.0806,36.622,23.554,6,273.86,0,0,2.7386,4.3498e-05,2.3114e-05,0.00021412,7.242e-05,0,2.9802e-08,5.9605e-08,4.2229e-05,2.0345e-05,0.00021647,6.4049e-05,2.7386,1
9,1.2017e+05,500,1.4656e+05,0,5,1.6731,2.7115,13.96,14.501,1,0.5759,0.73089,1.0278,3.0662,36.511,23.483,4,900,1.4656e+05,0,9,1.6732,2.7115,13.96,14.501,1,0.5759,0.73089,1.0278,3.0662,36.511,23.483,8,500,1.4656e+05,0,5,1.6731,2.7115,13.96,14.501,1,0.5759,0.73089,1.0278,3.0662,36.511,23.483,4,100,1.4656e+05,0,1,1.6731,2.7115,13.96,14.501,1,0.5759,0.73089,1.0278,3.0662,36.511,23.483,0,250,1.4656e+05,0,2.5,1.6731,2.7115,13.96,14.501,1,0.5759,0.73089,1.0278,3.0662,36.511,23.483,1,700,1.4656e+05,0,7,1.6731,2.7115,13.96,14.501,1,0.5759,0.73089,1.0278,3.0662,36.511,23.483,6,273.86,0,0,2.7386,2.2475e-06,2.5288e-06,1.2828e-05,3.5184e-06,0,2.9802e-08,1.9868e-08,2.2931e-06,2.7994e-06,1.491e-05,3.3642e-06,2.7386,1
9,1.2108e+05,500,1.4747e+05,0,5,1.6928,2.7261,13.97,14.586,1,0.57878,0.73426,1.0084,3.0522,36.502,23.4,4,900,1.4747e+05,0,9,1.6928,2.7261,13.97,14.586,1,0.57878,0.73426,1.0084,3.0523,36.502,23.4,8,500,1.4747e+05,0,5,1.6928,2.7261,13.97,14.586,1,0.57878,0.73426,1.0084,3.0522,36.502,23.4,4,100,1.4747e+05,0,1,1.6928,2.7261,13.97,14.586,1,0.57878,0.73426,1.0084,3.0522,36.502,23.4,0,250,1.4747e+05,0,2.5,1.6928,2.7261,13.97,14.586,1,0.57878,0.73426,1.0084,3.0522,36.502,23.4,1,700,1.4747e+05,0,7,1.6928,2.7261,13.97,14.586,1,0.57878,0.73426,1.0084,3.0522,36.502,23.4,6,273.86,0.0078125,0,2.7386,2.607e-06,1.4509e-05,1.9897e-05,8.2591e-07,0,0,3.1414e-08,2.2132e-06,1.4369e-05,1.9337e-05,2.2923e-06,2.7386,1
9,1.2217e+05,500,1.4857e+05,0,5,1.7083,2.7444,14.016,14.676,1,0.58234,0.73831,0.99318,3.0343,36.456,23.311,4,900,1.4857e+05,0,9,1.7083,2.7444,14.016,14.676,1,0.58234,0.73831,0.99318,3.0343,36.456,23.311,8,500,1.4857e+05,0,5,1.7083,2.7444,14.016,14.676,1,0.58234,0.73831,0.99318,3.0343,36.456,23.311,4,100,1.4857e+05,0,1,1.7083,2.7444,14.016,14.676,1,0.58234,0.73831,0.99318,3.0343,36.456,23.311,0,250,1.4857e+05,0,2.5,1.7083,2.7444,14.016,14.676,1,0.58234,0.73831,0.99318,3.0343,36.456,23.311,1,700,1.4857e+05,0,7,1.7083,2.7444,14.016,14.676,1,0.58234,0.73831,0.99318,3.0343,36.456,23.311,6,273.86,0.0052083,0,2.7386,1.09e-06,1.0795e-06,6.1518e-06,1.8739e-06,0,0,3.1414e-08,1.0918e-06,1.0581e-06,6.877e-06,1.5895e-06,2.7386,1
9,1.2308e+05,500,1.4948e+05,0,5,1.7162,2.7566,14.078,14.742,1,0.58515,0.74157,0.98532,3.0221,36.395,23.246,4,900,1.4948e+05,0,9,1.7162,2.7566,14.078,14.742,1,0.58515,0.74157,0.98537,3.0221,36.395,23.246,8,500,1.4948e+05,0,5,1.7162,2.7566,14.078,14.742,1,0.58515,0.74157,0.98531,3.0221,36.395,23.246,4,100,1.4948e+05,0,1,1.7162,2.7566,14.077,14.742,1,0.58515,0.74157,0.9853,3.0221,36.394,23.246,0,250,1.4948e+05,0,2.5,1.7162,2.7566,14.077,14.742,1,0.58515,0.74157,0.98531,3.0221,36.395,23.246,1,700,1.4948e+05,0,7,1.7162,2.7566,14.078,14.742,1,0.58515,0.74157,0.98531,3.0221,36.395,23.246,6,273.86,0,0,2.7386,2.0828e-05,5.9628e-06,0.00010031,3.3974e-05,0,0,3.1414e-08,2.0208e-05,4.7992e-06,0.00010022,3.03e-05,2.7386,1
0,1.2417e+05,0,0,0,0,0,0,0,0,0,0,0,0,0,0,0,0,0,0,0,0,0,0,0,0,0,0,0,0,0,0,0,0,0,0,0,0,0,0,0,0,0,0,0,0,0,0,0,0,0,0,0,0,0,0,0,0,0,0,0,0,0,0,0,0,0,0,0,0,0,0,0,0,0,0,0,0,0,0,0,0,0,0,0,0,0,0,0,0,0,0,0,0,0,0,0,0,0,0,0,0,0,0,0,0,0,0,0,0,0,0,0,0,0
0,1.2508e+05,0,0,0,0,0,0,0,0,0,0,0,0,0,0,0,0,0,0,0,0,0,0,0,0,0,0,0,0,0,0,0,0,0,0,0,0,0,0,0,0,0,0,0,0,0,0,0,0,0,0,0,0,0,0,0,0,0,0,0,0,0,0,0,0,0,0,0,0,0,0,0,0,0,0,0,0,0,0,0,0,0,0,0,0,0,0,0,0,0,0,0,0,0,0,0,0,0,0,0,0,0,0,0,0,0,0,0,0,0,0,0,0,0
0,1.2618e+05,0,0,0,0,0,0,0,0,0,0,0,0,0,0,0,0,0,0,0,0,0,0,0,0,0,0,0,0,0,0,0,0,0,0,0,0,0,0,0,0,0,0,0,0,0,0,0,0,0,0,0,0,0,0,0,0,0,0,0,0,0,0,0,0,0,0,0,0,0,0,0,0,0,0,0,0,0,0,0,0,0,0,0,0,0,0,0,0,0,0,0,0,0,0,0,0,0,0,0,0,0,0,0,0,0,0,0,0,0,0,0,0,0
0,1.2709e+05,0,0,0,0,0,0,0,0,0,0,0,0,0,0,0,0,0,0,0,0,0,0,0,0,0,0,0,0,0,0,0,0,0,0,0,0,0,0,0,0,0,0,0,0,0,0,0,0,0,0,0,0,0,0,0,0,0,0,0,0,0,0,0,0,0,0,0,0,0,0,0,0,0,0,0,0,0,0,0,0,0,0,0,0,0,0,0,0,0,0,0,0,0,0,0,0,0,0,0,0,0,0,0,0,0,0,0,0,0,0,0,0,0
0,1.2818e+05,0,0,0,0,0,0,0,0,0,0,0,0,0,0,0,0,0,0,0,0,0,0,0,0,0,0,0,0,0,0,0,0,0,0,0,0,0,0,0,0,0,0,0,0,0,0,0,0,0,0,0,0,0,0,0,0,0,0,0,0,0,0,0,0,0,0,0,0,0,0,0,0,0,0,0,0,0,0,0,0,0,0,0,0,0,0,0,0,0,0,0,0,0,0,0,0,0,0,0,0,0,0,0,0,0,0,0,0,0,0,0,0,0
0,1.2909e+05,0,0,0,0,0,0,0,0,0,0,0,0,0,0,0,0,0,0,0,0,0,0,0,0,0,0,0,0,0,0,0,0,0,0,0,0,0,0,0,0,0,0,0,0,0,0,0,0,0,0,0,0,0,0,0,0,0,0,0,0,0,0,0,0,0,0,0,0,0,0,0,0,0,0,0,0,0,0,0,0,0,0,0,0,0,0,0,0,0,0,0,0,0,0,0,0,0,0,0,0,0,0,0,0,0,0,0,0,0,0,0,0,0
0,1.3e+05,0,0,0,0,0,0,0,0,0,0,0,0,0,0,0,0,0,0,0,0,0,0,0,0,0,0,0,0,0,0,0,0,0,0,0,0,0,0,0,0,0,0,0,0,0,0,0,0,0,0,0,0,0,0,0,0,0,0,0,0,0,0,0,0,0,0,0,0,0,0,0,0,0,0,0,0,0,0,0,0,0,0,0,0,0,0,0,0,0,0,0,0,0,0,0,0,0,0,0,0,0,0,0,0,0,0,0,0,0,0,0,0,0
0,1.311e+05,0,0,0,0,0,0,0,0,0,0,0,0,0,0,0,0,0,0,0,0,0,0,0,0,0,0,0,0,0,0,0,0,0,0,0,0,0,0,0,0,0,0,0,0,0,0,0,0,0,0,0,0,0,0,0,0,0,0,0,0,0,0,0,0,0,0,0,0,0,0,0,0,0,0,0,0,0,0,0,0,0,0,0,0,0,0,0,0,0,0,0,0,0,0,0,0,0,0,0,0,0,0,0,0,0,0,0,0,0,0,0,0,0
0,1.3201e+05,0,0,0,0,0,0,0,0,0,0,0,0,0,0,0,0,0,0,0,0,0,0,0,0,0,0,0,0,0,0,0,0,0,0,0,0,0,0,0,0,0,0,0,0,0,0,0,0,0,0,0,0,0,0,0,0,0,0,0,0,0,0,0,0,0,0,0,0,0,0,0,0,0,0,0,0,0,0,0,0,0,0,0,0,0,0,0,0,0,0,0,0,0,0,0,0,0,0,0,0,0,0,0,0,0,0,0,0,0,0,0,0,0
0,1.331e+05,0,0,0,0,0,0,0,0,0,0,0,0,0,0,0,0,0,0,0,0,0,0,0,0,0,0,0,0,0,0,0,0,0,0,0,0,0,0,0,0,0,0,0,0,0,0,0,0,0,0,0,0,0,0,0,0,0,0,0,0,0,0,0,0,0,0,0,0,0,0,0,0,0,0,0,0,0,0,0,0,0,0,0,0,0,0,0,0,0,0,0,0,0,0,0,0,0,0,0,0,0,0,0,0,0,0,0,0,0,0,0,0,0
0,1.3401e+05,0,0,0,0,0,0,0,0,0,0,0,0,0,0,0,0,0,0,0,0,0,0,0,0,0,0,0,0,0,0,0,0,0,0,0,0,0,0,0,0,0,0,0,0,0,0,0,0,0,0,0,0,0,0,0,0,0,0,0,0,0,0,0,0,0,0,0,0,0,0,0,0,0,0,0,0,0,0,0,0,0,0,0,0,0,0,0,0,0,0,0,0,0,0,0,0,0,0,0,0,0,0,0,0,0,0,0,0,0,0,0,0,0
0,1.351e+05,0,0,0,0,0,0,0,0,0,0,0,0,0,0,0,0,0,0,0,0,0,0,0,0,0,0,0,0,0,0,0,0,0,0,0,0,0,0,0,0,0,0,0,0,0,0,0,0,0,0,0,0,0,0,0,0,0,0,0,0,0,0,0,0,0,0,0,0,0,0,0,0,0,0,0,0,0,0,0,0,0,0,0,0,0,0,0,0,0,0,0,0,0,0,0,0,0,0,0,0,0,0,0,0,0,0,0,0,0,0,0,0,0
0,1.3602e+05,0,0,0,0,0,0,0,0,0,0,0,0,0,0,0,0,0,0,0,0,0,0,0,0,0,0,0,0,0,0,0,0,0,0,0,0,0,0,0,0,0,0,0,0,0,0,0,0,0,0,0,0,0,0,0,0,0,0,0,0,0,0,0,0,0,0,0,0,0,0,0,0,0,0,0,0,0,0,0,0,0,0,0,0,0,0,0,0,0,0,0,0,0,0,0,0,0,0,0,0,0,0,0,0,0,0,0,0,0,0,0,0,0
0,1.3711e+05,0,0,0,0,0,0,0,0,0,0,0,0,0,0,0,0,0,0,0,0,0,0,0,0,0,0,0,0,0,0,0,0,0,0,0,0,0,0,0,0,0,0,0,0,0,0,0,0,0,0,0,0,0,0,0,0,0,0,0,0,0,0,0,0,0,0,0,0,0,0,0,0,0,0,0,0,0,0,0,0,0,0,0,0,0,0,0,0,0,0,0,0,0,0,0,0,0,0,0,0,0,0,0,0,0,0,0,0,0,0,0,0,0
0,1.3802e+05,0,0,0,0,0,0,0,0,0,0,0,0,0,0,0,0,0,0,0,0,0,0,0,0,0,0,0,0,0,0,0,0,0,0,0,0,0,0,0,0,0,0,0,0,0,0,0,0,0,0,0,0,0,0,0,0,0,0,0,0,0,0,0,0,0,0,0,0,0,0,0,0,0,0,0,0,0,0,0,0,0,0,0,0,0,0,0,0,0,0,0,0,0,0,0,0,0,0,0,0,0,0,0,0,0,0,0,0,0,0,0,0,0
0,1.3911e+05,0,0,0,0,0,0,0,0,0,0,0,0,0,0,0,0,0,0,0,0,0,0,0,0,0,0,0,0,0,0,0,0,0,0,0,0,0,0,0,0,0,0,0,0,0,0,0,0,0,0,0,0,0,0,0,0,0,0,0,0,0,0,0,0,0,0,0,0,0,0,0,0,0,0,0,0,0,0,0,0,0,0,0,0,0,0,0,0,0,0,0,0,0,0,0,0,0,0,0,0,0,0,0,0,0,0,0,0,0,0,0,0,0
0,1.4003e+05,0,0,0,0,0,0,0,0,0,0,0,0,0,0,0,0,0,0,0,0,0,0,0,0,0,0,0,0,0,0,0,0,0,0,0,0,0,0,0,0,0,0,0,0,0,0,0,0,0,0,0,0,0,0,0,0,0,0,0,0,0,0,0,0,0,0,0,0,0,0,0,0,0,0,0,0,0,0,0,0,0,0,0,0,0,0,0,0,0,0,0,0,0,0,0,0,0,0,0,0,0,0,0,0,0,0,0,0,0,0,0,0,0
0,1.4112e+05,0,0,0,0,0,0,0,0,0,0,0,0,0,0,0,0,0,0,0,0,0,0,0,0,0,0,0,0,0,0,0,0,0,0,0,0,0,0,0,0,0,0,0,0,0,0,0,0,0,0,0,0,0,0,0,0,0,0,0,0,0,0,0,0,0,0,0,0,0,0,0,0,0,0,0,0,0,0,0,0,0,0,0,0,0,0,0,0,0,0,0,0,0,0,0,0,0,0,0,0,0,0,0,0,0,0,0,0,0,0,0,0,0
0,1.4203e+05,0,0,0,0,0,0,0,0,0,0,0,0,0,0,0,0,0,0,0,0,0,0,0,0,0,0,0,0,0,0,0,0,0,0,0,0,0,0,0,0,0,0,0,0,0,0,0,0,0,0,0,0,0,0,0,0,0,0,0,0,0,0,0,0,0,0,0,0,0,0,0,0,0,0,0,0,0,0,0,0,0,0,0,0,0,0,0,0,0,0,0,0,0,0,0,0,0,0,0,0,0,0,0,0,0,0,0,0,0,0,0,0,0
0,1.4312e+05,0,0,0,0,0,0,0,0,0,0,0,0,0,0,0,0,0,0,0,0,0,0,0,0,0,0,0,0,0,0,0,0,0,0,0,0,0,0,0,0,0,0,0,0,0,0,0,0,0,0,0,0,0,0,0,0,0,0,0,0,0,0,0,0,0,0,0,0,0,0,0,0,0,0,0,0,0,0,0,0,0,0,0,0,0,0,0,0,0,0,0,0,0,0,0,0,0,0,0,0,0,0,0,0,0,0,0,0,0,0,0,0,0
0,1.4404e+05,0,0,0,0,0,0,0,0,0,0,0,0,0,0,0,0,0,0,0,0,0,0,0,0,0,0,0,0,0,0,0,0,0,0,0,0,0,0,0,0,0,0,0,0,0,0,0,0,0,0,0,0,0,0,0,0,0,0,0,0,0,0,0,0,0,0,0,0,0,0,0,0,0,0,0,0,0,0,0,0,0,0,0,0,0,0,0,0,0,0,0,0,0,0,0,0,0,0,0,0,0,0,0,0,0,0,0,0,0,0,0,0,0
0,1.4513e+05,0,0,0,0,0,0,0,0,0,0,0,0,0,0,0,0,0,0,0,0,0,0,0,0,0,0,0,0,0,0,0,0,0,0,0,0,0,0,0,0,0,0,0,0,0,0,0,0,0,0,0,0,0,0,0,0,0,0,0,0,0,0,0,0,0,0,0,0,0,0,0,0,0,0,0,0,0,0,0,0,0,0,0,0,0,0,0,0,0,0,0,0,0,0,0,0,0,0,0,0,0,0,0,0,0,0,0,0,0,0,0,0,0
0,1.4604e+05,0,0,0,0,0,0,0,0,0,0,0,0,0,0,0,0,0,0,0,0,0,0,0,0,0,0,0,0,0,0,0,0,0,0,0,0,0,0,0,0,0,0,0,0,0,0,0,0,0,0,0,0,0,0,0,0,0,0,0,0,0,0,0,0,0,0,0,0,0,0,0,0,0,0,0,0,0,0,0,0,0,0,0,0,0,0,0,0,0,0,0,0,0,0,0,0,0,0,0,0,0,0,0,0,0,0,0,0,0,0,0,0,0
0,1.4714e+05,0,0,0,0,0,0,0,0,0,0,0,0,0,0,0,0,0,0,0,0,0,0,0,0,0,0,0,0,0,0,0,0,0,0,0,0,0,0,0,0,0,0,0,0,0,0,0,0,0,0,0,0,0,0,0,0,0,0,0,0,0,0,0,0,0,0,0,0,0,0,0,0,0,0,0,0,0,0,0,0,0,0,0,0,0,0,0,0,0,0,0,0,0,0,0,0,0,0,0,0,0,0,0,0,0,0,0,0,0,0,0,0,0
0,1.4805e+05,0,0,0,0,0,0,0,0,0,0,0,0,0,0,0,0,0,0,0,0,0,0,0,0,0,0,0,0,0,0,0,0,0,0,0,0,0,0,0,0,0,0,0,0,0,0,0,0,0,0,0,0,0,0,0,0,0,0,0,0,0,0,0,0,0,0,0,0,0,0,0,0,0,0,0,0,0,0,0,0,0,0,0,0,0,0,0,0,0,0,0,0,0,0,0,0,0,0,0,0,0,0,0,0,0,0,0,0,0,0,0,0,0
0,1.4914e+05,0,0,0,0,0,0,0,0,0,0,0,0,0,0,0,0,0,0,0,0,0,0,0,0,0,0,0,0,0,0,0,0,0,0,0,0,0,0,0,0,0,0,0,0,0,0,0,0,0,0,0,0,0,0,0,0,0,0,0,0,0,0,0,0,0,0,0,0,0,0,0,0,0,0,0,0,0,0,0,0,0,0,0,0,0,0,0,0,0,0,0,0,0,0,0,0,0,0,0,0,0,0,0,0,0,0,0,0,0,0,0,0,0
0,1.5e+05,0,0,0,0,0,0,0,0,0,0,0,0,0,0,0,0,0,0,0,0,0,0,0,0,0,0,0,0,0,0,0,0,0,0,0,0,0,0,0,0,0,0,0,0,0,0,0,0,0,0,0,0,0,0,0,0,0,0,0,0,0,0,0,0,0,0,0,0,0,0,0,0,0,0,0,0,0,0,0,0,0,0,0,0,0,0,0,0,0,0,0,0,0,0,0,0,0,0,0,0,0,0,0,0,0,0,0,0,0,0,0,0,0
